STUDENT ID,AFE 101,AFE 103,BIO 101,CHM101,CSC 101,GST 111,GST 113,GST 115,MAT 101,PHY 101,PHY 103,PHY 107,STA 111,100L_1ST_GPA,100L_1ST_CGPA,100L_1ST_REMARK,AFE 124,AFE126,AFE128,AFE130,AFE132,CSC 102,CSC 104,GST114,GST122,MAT102,MAT104,PHY 102,PHY108,STA 132,100L_2ND_GPA,100L_2ND_CGPA,100L_2ND_REMARK,AFE 101,AFE 103,AFE203,AFE2051,BIO 101,CHM101,CSC 101,CSC 201,CSC203,CSC205,CSC207,CSC2093,CSC 211,GST 111,GST 113,GST 115,MAT 101,MAT201,MAT 205,PHY 101,PHY 103,PHY 107,STA 111,STA 211,200L_1ST_GPA,200L_1ST_CGPA,200L_1ST_REMARK,AFE126,AFE130,AFE202,CSC 102,CSC 104,CSC202,CSC204,CSC206,CSC208,GST114,GST212,MAT102,MAT104,MAT204,PHY 102,PHY108,PHY202,STA 132,200L_2ND_GPA,200L_2ND_CGPA,200L_2ND_REMARK,AFE 103,AFE203,AFE2051,BIO 101,CSC 201,CSC203,CSC205,CSC207,CSC2093,CSC 211,CSC299,CSC301,CSC303,CSC305,CSC307,CSC309,CSC311,CSC315,GST 113,GST 115,GST301,MAT 101,MAT201,MAT 205,PHY 101,PHY 107,STA 111,STA 211,300L_1ST_GPA,300L_1ST_CGPA,300L_1ST_REMARK,AFE126,AFE128,AFE202,CSC202,CSC 204,CSC 206,CSC 208,CSC208,CSC 302,CSC 304,CSC 306,CSC 308,CSC 310,CSC 312,CSC 314,GST212,MAT 204,PHY 102,PHY108,PHY 202,300L_2ND_GPA,300L_2ND_CGPA,300L_2ND_REMARK
5,71A,,,45D,57C,45D,48D,64B,52C,45D,60B,52C,46D,2.75,2.75,"BIO101,AFE103",56C,,51C,,,,,51C,53C,45D,70A,63B,45D,57C,3.28,2.98,"CSC102,CSC104,BIO101,AFE103",,,,,,,,50C,53C,60B,50C,47D,50C,,,,,63B,51C,,,,,46D,3.04,2.98,"AFE203,AFE2051,CSC104,BIO101,AFE103",,,64B,67B,,55C,67B,55C,63B,,84A,,,66B,,,64B,,3.83,3.22,"AFE203,AFE2051,CSC104,BIO101,AFE103",63B,45D,,70A,,,,,,,60B,61B,46D,56C,51C,45D,60B,52C,,,61B,,,,,,,,3.35,3.22,CSC104,,,,,,,,,66B,50C,54C,71A,74A,45D,46D,,,,,,3.45,3.26,CSC104
6,52C,40F,,45D,22F,24F,66B,45D,45D,46D,48D,62B,9F,1.56,1.56,"STA111,GST111,CSC101,AFE103,BIO101",45D,,45D,,,,,55C,55C,45D,76A,55C,45D,61B,3.11,2.21,"CSC102,CSC104,STA111,GST111,CSC101,AFE103,BIO101",,,,47D,,,82A,62B,50C,45D,45D,67B,,45D,,,,61B,,,,,50C,,3.19,2.21,"CSC211,STA211,MAT205,AFE103,BIO101",,,,46D,60B,45D,45D,16F,52C,,,,,46D,,,45D,,2.13,2.46,"CSC206,AFE202,GST212,CSC211,STA211,MAT205,AFE103,BIO101",,,,46D,,,,,,,,,,45D,52C,,45D,,,,,,,15F,,,,45D,1.83,2.46,"MAT205,CSC301,CSC303,CSC309,GST301,CSC299,CSC315,AFE202,GST212,CSC211,MAT205,AFE103",,,,,,45D,,,70A,13F,50C,56C,50C,,,,,,,,2.83,2.36,"CSC304,CSC312,CSC314,MAT205,CSC301,CSC303,CSC309,GST301,CSC299,CSC315,AFE202,GST212,CSC211,MAT205,AFE103"
7,52C,64B,,45D,50C,46D,39F,52C,45D,47D,65B,17F,19F,2.00,2.00,"STA111,PHY107,GST113,BIO101",,27F,32F,,,,,39F,60B,26F,22F,50C,76A,26F,1.22,1.67,"MAT104,STA132,GST114,AFE126,AFE128,MAT102,CSC102,CSC104,STA111,PHY107,GST113,BIO101",,,46D,,28F,,,45D,45D,50C,45D,45D,,,,,,60B,45D,,,,,45D,2.11,1.67,"BIO101,CSC211,AFE126,AFE128,STA111,PHY107,GST113,BIO101",,,75A,60B,64B,,46D,53C,,58C,,45D,52C,54C,,,,72A,3.23,2.22,"CSC208,CSC202,PHY202,GST212,BIO101,CSC211,AFE126,AFE128,STA111,PHY107,GST113,BIO101",,,,,,,,,,,60B,60B,46D,45D,50C,45D,17F,45D,,,58C,,,,,,,,2.42,2.22,"CSC311,CSC208,CSC202,PHY202,BIO101,CSC211,AFE126,AFE128,STA111,PHY107,GST113,BIO101",0F,0F,,,,,,,47D,12F,45D,60B,45D,11F,,52C,,,,,1.65,2.26,"CSC312,CSC304,CSC314,CSC311,CSC208,CSC202,PHY202,BIO101,CSC211,AFE126,AFE128,STA111,PHY107,GST113,BIO101"
8,72A,67B,,67B,80A,60B,60B,80A,45D,78A,65B,45D,45D,3.76,3.76,BIO101,,68B,71A,,,,,73A,70A,72A,60B,61B,75A,70A,4.61,4.12,"CSC102,CSC104,BIO101",,,61B,,77A,,,77A,76A,60B,50C,51C,67B,,,,,62B,84A,,,,,50C,4.14,4.12,PASS,,,65B,56C,70A,61B,53C,45D,45D,,,,,60B,,,68B,,3.40,3.94,GST212,,,,,,,,,,,60B,68B,57C,70A,60B,70A,60B,53C,,,65B,,,,,,,,4.00,3.94,PASS,,,,,,,,,76A,64B,70A,75A,72A,61B,76A,57C,,,,,4.58,3.95,PASS
9,31F,74A,,45D,45D,50C,51C,60B,67B,50C,64B,45D,45D,2.84,2.84,"AFE101,BIO101",,54C,,,71A,,,45D,50C,45D,15F,47D,53C,23F,1.83,2.42,"MAT104,STA132,CSC102,CSC104,AFE101,BIO101",65B,,53C,,54C,,,45D,50C,,60B,45D,,,,,,53C,45D,,,,,52C,2.84,2.42,"CSC211,CSC205,MAT104,STA132",,,,45D,62B,51C,,,,,37F,,,66B,,,60B,0F,2.68,2.60,"GST212,CSC208,CSC206,CSC204,AFE202,CSC211,CSC205,MAT104,STA132",,,,,,,,,,,,,,,,,,,,,,,,,,,,,0.00,2.60,"CSC301,CSC305,CSC311,CSC303,CSC309,CSC307,GST301,CSC299,CSC315,GST212,CSC208,CSC206,CSC204,AFE202,CSC211,CSC205,MAT104,STA132",,,,,,,,,,,,,,,,,,,,,0.00,2.60,"CSC302,CSC304,CSC306,CSC308,CSC310,CSC312,CSC314,CSC301,CSC305,CSC311,CSC303,CSC309,CSC307,GST301,CSC299,CSC315,GST212,CSC208,CSC206,CSC204,AFE202,CSC211,CSC205,MAT104,STA132"
10,64B,71A,,77A,92A,60B,60B,87A,64B,74A,70A,68B,75A,4.64,4.64,BIO101,89A,,83A,,,,,77A,75A,80A,45D,60B,74A,76A,4.33,4.51,"CSC102,CSC104,BIO101",,,,71A,54C,,,50C,80A,85A,73A,72A,62B,,,,,74A,93A,,,,,84A,4.54,4.51,PASS,,,88A,75A,77A,79A,74A,76A,45D,,,,,75A,,,88A,,4.64,4.55,GST212,,,,,,,,,,,70A,76A,76A,77A,71A,60B,74A,85A,,,60B,,,,,,,,4.81,4.55,PASS,,,,,,,,,80A,66B,74A,83A,78A,71A,70A,62B,,,,,4.79,4.61,PASS
11,57C,75A,,61B,60B,50C,47D,74A,62B,68B,57C,52C,60B,3.72,3.72,BIO101,,71A,,,72A,,,72A,57C,50C,50C,45D,71A,66B,3.50,3.63,"CSC102,CSC104,BIO101",,,61B,,82A,,,50C,70A,45D,60B,48D,62B,,,,,51C,76A,,,,,50C,3.64,3.63,PASS,,,75A,53C,60B,65B,57C,56C,62B,,,,,64B,,,62B,,3.68,3.65,GST212,,,,,,,,,,,62B,60B,50C,60B,54C,50C,60B,53C,,,46D,,,,,,,,3.38,3.65,PASS,,,,,,,,,76A,45D,63B,63B,70A,50C,50C,45D,,,,,3.63,3.59,PASS
12,64B,61B,,65B,85A,45D,52C,80A,67B,65B,78A,63B,70A,4.16,4.16,BIO101,,60B,,,76A,,,75A,62B,66B,53C,65B,83A,45D,3.83,4.02,"CSC102,CSC104,BIO101",,,70A,,79A,,,50C,54C,45D,50C,51C,52C,,,,,72A,64B,,,,,60B,3.61,4.02,PASS,,,70A,62B,76A,77A,68B,65B,55C,,,,,55C,,,62B,,4.04,3.91,GST212,,,,,,,,,,,72A,61B,70A,57C,60B,50C,50C,74A,,,62B,,,,,,,,4.00,3.91,GST212,,,,,,,,,80A,45D,52C,65B,60B,45D,45D,37F,,,,,2.96,3.93,"GST212,GST212"
13,46D,57C,,,46D,34F,24F,50C,72A,60B,45D,22F,54C,2.41,2.41,"GST111,GST113,PHY107,CHM101,BIO101",,52C,,65B,,,,52C,50C,34F,18F,47D,75A,45D,1.89,2.18,"MAT104,MAT102,CSC102,CSC104,GST111,GST113,PHY107,CHM101,BIO101",,,46D,,73A,45D,,50C,53C,60B,,53C,45D,45D,60B,,,60B,53C,,,,,,3.24,2.18,"CSC207,STA211,MAT104,PHY107",,,81A,62B,74A,63B,66B,64B,56C,,,74A,,65B,,,55C,,4.04,3.03,"GST212,CSC207,STA211,MAT104,PHY107",,,,,,,,,,,72A,80A,53C,60B,55C,50C,60B,,,,,,,,,,,52C,3.75,3.03,"GST301,CSC315,GST212,CSC207,MAT104,PHY107",,,,,,,,,74A,46D,61B,70A,61B,50C,60B,36F,,,,,3.58,3.17,"GST212,GST301,CSC315,GST212,CSC207,MAT104,PHY107"
14,54C,54C,,45D,57C,32F,23F,83A,61B,73A,68B,67B,50C,2.96,2.96,"GST111,GST113,BIO101",,66B,,,,,,45D,70A,60B,45D,52C,46D,86A,3.35,3.12,"CSC102,CSC104,AFE128,AFE130,AFE132,GST111,GST113,BIO101",,,63B,,,,,45D,61B,23F,5F,21F,55C,,,,,62B,45D,,,,,14F,1.72,3.12,"CSC205,CSC207,CSC2093,STA211,GST111,GST113,BIO101",,60B,80A,52C,66B,46D,72A,51C,55C,,61B,,,,,,,,3.50,2.82,"MAT204,PHY202,CSC205,CSC207,CSC2093,STA211,GST111,GST113,BIO101",,,,,,,,,,,50C,56C,25F,50C,61B,16F,45D,21F,,,58C,,,,,,,,1.96,2.82,"CSC309,CSC315,CSC303,MAT204,PHY202,CSC205,CSC207,CSC2093,STA211,GST111,GST113,BIO101",,,,,,,,,21F,,15F,46D,45D,3F,,,,,,0F,0.67,2.63,"PHY202,CSC306,CSC302,CSC312,CSC304,CSC314,CSC309,CSC315,CSC303,MAT204,PHY202,CSC205,CSC207,CSC2093,STA211,GST111,GST113,BIO101"
15,50C,60B,35F,34F,,77A,50C,87A,45D,55C,23F,47D,,2.14,2.14,"CHM101,PHY103,BIO101,CSC101,STA111",29F,,,,,,,65B,50C,38F,,56C,14F,,1.92,2.06,"MAT102,PHY108,AFE124,STA132,CSC102,MAT104,CSC104,AFE128,AFE130,AFE132,CHM101,PHY103,BIO101,CSC101,STA111",,,,,,,,,,,,,,,,,,,,,,,,,0.00,2.06,"CSC211,CSC207,STA211,CSC2093,CSC201,CSC205,MAT201,CSC203,MAT205,AFE203,AFE2051,MAT102,PHY108,AFE124,STA132,CSC102,MAT104,CSC104,AFE128,AFE130,AFE132,CHM101,PHY103,BIO101,CSC101,STA111",,,,,,,,,,,,,,,,,,,0.00,2.06,"CSC208,CSC206,CSC202,CSC204,AFE202,MAT204,PHY202,GST212,CSC211,CSC207,STA211,CSC2093,CSC201,CSC205,MAT201,CSC203,MAT205,AFE203,AFE2051,MAT102,PHY108,AFE124,STA132,CSC102,MAT104,CSC104,AFE128,AFE130,AFE132,CHM101,PHY103,CSC208,CSC206,CSC202",,,,,,,,,,,,,,,,,,,,,,,,,,,,,0.00,2.06,"CSC301,CSC305,CSC311,CSC303,CSC309,CSC307,GST301,CSC299,CSC315,CSC208,CSC206,CSC202,CSC204,AFE202,MAT204,PHY202,GST212,CSC211,CSC207,STA211,CSC2093,CSC201,CSC205,MAT201,CSC203,MAT205,AFE203,AFE2051,MAT102,PHY108,AFE124,CSC301,CSC305,CSC311,CSC303,CSC309,CSC307,GST301,CSC299,CSC315,CSC208,CSC206,CSC202",,,,,,,,,,,,,,,,,,,,,0.00,2.06,"CSC302,CSC304,CSC306,CSC308,CSC310,CSC312,CSC314,CSC301,CSC305,CSC311,CSC303,CSC309,CSC307,GST301,CSC299,CSC315,CSC208,CSC206,CSC202,CSC204,AFE202,MAT204,PHY202,GST212,CSC211,CSC207,STA211,CSC2093,CSC201,CSC205,MAT201,CCSC302,CSC304,CSC306,CSC308,CSC310,CSC312,CSC314,CSC301,CSC305,CSC311,CSC303,CSC309,CSC307,GST301,CSC299,CSC315,CSC208,CSC206,CSC202"
16,45D,60B,45D,45D,,50C,60B,50C,55C,45D,54C,27F,,2.59,2.59,"PHY107,CSC101,STA111",57C,,55C,,,,,47D,57C,45D,,36F,29F,,1.69,2.26,"PHY108,PHY102,STA132,CSC102,MAT104,CSC104,PHY107,CSC101,STA111",,,,67B,,,45D,45D,60B,45D,45D,46D,50C,,,,,50C,50C,,,,36F,,2.32,2.26,"STA111,STA211,STA132,PHY107,STA111",,,,60B,83A,56C,63B,53C,,,,,54C,53C,52C,52C,62B,,3.54,2.67,"CSC208,AFE202,GST212,STA111,STA211,STA132,PHY107,STA111",,,,,,,,,,,72A,51C,45D,60B,50C,14F,25F,45D,,,,,,,,,56C,50C,2.50,2.67,"CSC311,CSC309,GST301,AFE202,GST212,STA132,PHY107",,,,,,,50C,,56C,45D,51C,45D,60B,,,33F,,,,,2.55,2.63,"GST212,CSC312,CSC314,CSC311,CSC309,GST301,AFE202,GST212,STA132,PHY107"
17,57C,54C,45D,53C,50C,45D,50C,52C,45D,47D,55C,71A,45D,2.61,2.61,PASS,,46D,,,90A,70A,60B,54C,60B,50C,45D,51C,67B,50C,3.42,2.98,PASS,,,64B,,,,,45D,60B,50C,55C,50C,52C,,,,,65B,50C,,,,,46D,3.04,2.98,PASS,,,75A,,,60B,62B,62B,51C,,50C,,,51C,,,56C,,3.52,3.11,PASS,,,,,,,,,,,54C,76A,64B,64B,70A,45D,50C,46D,,,75A,,,,,,,,3.62,3.11,PASS,,,,,,,,,80A,45D,60B,62B,61B,45D,45D,,,,,,3.36,3.22,PASS
18,75A,51C,55C,51C,55C,50C,60B,70A,78A,66B,61B,75A,45D,3.61,3.61,PASS,72A,,,63B,,60B,70A,63B,60B,60B,50C,51C,64B,60B,3.92,3.75,PASS,,,,78A,,,,45D,72A,60B,56C,45D,52C,,,,,71A,63B,,,,,60B,3.72,3.75,PASS,,,76A,,,67B,61B,63B,57C,,70A,,,51C,,,72A,,4.00,3.80,PASS,,,,,,,,,,,67B,78A,65B,54C,53C,50C,51C,55C,,,68B,,,,,,,,3.54,3.80,PASS,,,,,,,,,76A,65B,60B,70A,71A,50C,71A,,,,,,4.45,3.74,PASS
19,50C,50C,45D,53C,50C,45D,54C,74A,68B,47D,64B,72A,45D,3.04,3.04,PASS,,50C,,73A,,45D,60B,73A,61B,15F,45D,50C,61B,45D,2.79,2.92,MAT102,,,68B,,,,,50C,60B,60B,50C,46D,50C,,,,,46D,50C,,,,,51C,3.08,2.92,PASS,,,73A,,,72A,65B,60B,57C,,79A,50C,,73A,,,65B,,4.13,3.25,PASS,,,,,,,,,,,52C,66B,58C,70A,70A,50C,60B,45D,,,65B,,,,,,,,3.65,3.25,PASS,,,,,,,,,70A,53C,60B,71A,61B,50C,63B,,,,,,4.05,3.33,PASS
20,63B,53C,45D,51C,50C,46D,46D,58C,45D,48D,63B,79A,51C,2.75,2.75,PASS,,60B,,67B,,56C,50C,55C,55C,45D,45D,45D,60B,50C,2.75,2.75,PASS,,,63B,,,,,45D,53C,45D,50C,45D,50C,,,,,45D,46D,,,,,45D,2.36,2.75,PASS,,,74A,,,57C,,60B,52C,,61B,,,63B,,,52C,,3.56,2.80,CSC204,,,,,,,,,,,60B,53C,50C,67B,60B,50C,45D,45D,,,61B,,,,,,,,3.19,2.80,PASS,,,,,50C,,,,62B,50C,61B,60B,50C,45D,60B,,,,,,3.42,2.88,PASS
21,61B,55C,46D,54C,50C,54C,47D,48D,71A,47D,54C,51C,25F,2.61,2.61,STA111,,46D,,48D,,53C,45D,47D,52C,45D,53C,50C,60B,50C,2.63,2.62,STA111,,,61B,,,,,45D,46D,,45D,47D,64B,,,,,51C,50C,,,,,45D,2.45,2.62,"CSC205,STA111",,,,,,,,,,,,,,,,,,,0.00,2.57,"CSC208,CSC206,CSC202,CSC204,AFE202,MAT204,PHY202,GST212,CSC205,STA111",,,,,,,,,,,,,,,,,,,,,,,,,,,,,0.00,2.57,"CSC301,CSC305,CSC311,CSC303,CSC309,CSC307,GST301,CSC299,CSC315,CSC208,CSC206,CSC202,CSC204,AFE202,MAT204,PHY202,GST212,CSC205,STA111",,,,,,,,,,,,,,,,,,,,,0.00,2.57,"CSC302,CSC304,CSC306,CSC308,CSC310,CSC312,CSC314,CSC301,CSC305,CSC311,CSC303,CSC309,CSC307,GST301,CSC299,CSC315,CSC208,CSC206,CSC202,CSC204,AFE202,MAT204,PHY202,GST212,CSC205,STA111"
22,65B,52C,45D,46D,17F,33F,35F,50C,67B,46D,45D,20F,45D,1.82,1.82,"GST111,CSC101,GST113,PHY107",,47D,45D,,,12F,45D,46D,50C,50C,21F,51C,58C,45D,1.88,1.85,"MAT104,CSC102,GST111,CSC101,GST113,PHY107",,,66B,,,,,45D,29F,45D,22F,45D,52C,,45D,,,45D,16F,,,64B,,46D,1.54,1.85,"CSC207,CSC203,MAT205,CSC102,GST111,CSC101",,,,,,50C,60B,41F,48D,,53C,,50C,65B,,,59C,,2.74,1.96,"CSC206,AFE202,CSC207,CSC203,MAT205,CSC102,GST111,CSC101",,,,,,,,,,,61B,65B,26F,46D,50C,45D,45D,45D,,,56C,,,,,,,,2.42,1.96,"CSC303,CSC206,AFE202,CSC207,CSC203,MAT205,CSC102,GST111,CSC101",,,,,,6F,,,62B,3F,20F,73A,50C,17F,,,,,,,1.90,2.05,"CSC206,CSC304,CSC312,CSC306,CSC314,CSC303,CSC206,AFE202,CSC207,CSC203,MAT205,CSC102,GST111,CSC101"
23,60B,51C,45D,51C,74A,45D,65B,78A,45D,68B,58C,61B,76A,3.50,3.50,PASS,,56C,,,86A,50C,50C,53C,60B,64B,45D,56C,63B,46D,3.13,3.33,PASS,,,70A,,,,,45D,54C,63B,55C,50C,58C,,,,,56C,51C,,,,,10F,2.72,3.33,STA211,,,81A,,,67B,65B,60B,47D,,57C,,,73A,,,67B,,3.81,3.28,STA211,,,,,,,,,,,60B,62B,50C,68B,71A,45D,50C,45D,,,60B,,,,,,,50C,3.38,3.28,PASS,,,,,,,,,50C,50C,17F,61B,60B,45D,45D,,,,,,2.59,3.30,CSC306
24,65B,57C,50C,61B,63B,61B,61B,60B,60B,65B,76A,76A,72A,4.07,4.07,PASS,,70A,60B,,,61B,82A,64B,63B,60B,60B,60B,66B,72A,4.25,4.15,PASS,,,,,,,,,,,,,,,,,,,,,,,,,0.00,4.15,"CSC211,CSC207,STA211,CSC2093,CSC201,CSC205,MAT201,CSC203,MAT205,AFE203,AFE2051",,,,,,,,,,,,,,,,,,,0.00,4.15,"CSC208,CSC206,CSC202,CSC204,AFE202,MAT204,PHY202,GST212,CSC211,CSC207,STA211,CSC2093,CSC201,CSC205,MAT201,CSC203,MAT205,AFE203,AFE2051",,,,,,,,,,,,,,,,,,,,,,,,,,,,,0.00,4.15,"CSC301,CSC305,CSC311,CSC303,CSC309,CSC307,GST301,CSC299,CSC315,CSC208,CSC206,CSC202,CSC204,AFE202,MAT204,PHY202,GST212,CSC211,CSC207,STA211,CSC2093,CSC201,CSC205,MAT201,CSC203,MAT205,AFE203,AFE2051",,,,,,,,,,,,,,,,,,,,,0.00,4.15,"CSC302,CSC304,CSC306,CSC308,CSC310,CSC312,CSC314,CSC301,CSC305,CSC311,CSC303,CSC309,CSC307,GST301,CSC299,CSC315,CSC208,CSC206,CSC202,CSC204,AFE202,MAT204,PHY202,GST212,CSC211,CSC207,STA211,CSC2093,CSC201,CSC205,MAT201,CCSC302,CSC304,CSC306,CSC308"
25,57C,54C,22F,60B,55C,60B,64B,70A,47D,62B,64B,0F,70A,3.21,3.21,"PHY107,BIO101",65B,,,,100A,75A,70A,57C,54C,70A,62B,46D,50C,61B,3.96,3.56,"PHY107,BIO101",,,,86A,,,,45D,76A,60B,45D,50C,55C,,,,,76A,50C,,,,,60B,3.56,3.56,"PHY107,BIO101",,,63B,,,56C,74A,63B,50C,,60B,,,71A,,,66B,,4.00,3.65,"PHY107,BIO101",,,,,,,,,,,60B,80A,70A,74A,72A,45D,72A,70A,,,58C,,,,,,,,4.38,3.65,"PHY107,BIO101",,,,,,,,,80A,55C,72A,79A,70A,14F,60B,,,,,,3.91,3.81,"CSC312,PHY107,BIO101"
26,57C,46D,45D,54C,55C,46D,51C,66B,60B,60B,74A,93A,75A,3.46,3.46,PASS,85A,,,77A,,71A,78A,64B,61B,71A,62B,53C,66B,71A,4.42,3.90,PASS,,,,86A,,,,70A,70A,70A,62B,52C,73A,,,,,56C,90A,,,,,60B,4.36,3.90,PASS,,,74A,,,73A,72A,61B,58C,,63B,,,73A,,,81A,,4.48,4.14,PASS,,,,,,,,,,,60B,72A,70A,78A,61B,50C,76A,75A,,,61B,,,,,,,,4.46,4.14,PASS,,,,,,,,,80A,60B,71A,88A,70A,50C,70A,,,,,,4.59,4.21,PASS
27,46D,51C,45D,54C,45D,50C,47D,39F,,48D,61B,74A,51C,2.48,2.48,"GST115,MAT101",61B,,,,75A,50C,70A,46D,55C,50C,45D,45D,67B,45D,3.00,2.73,"GST115,MAT101",,,,77A,,,,45D,63B,25F,45D,55C,70A,,,48D,23F,45D,,,,,,45D,2.07,2.73,"CSC205,MAT101,MAT205,MAT101",,,77A,,,65B,77A,62B,51C,,87A,,,70A,,,58C,,4.14,2.86,"CSC205,MAT101,MAT205,MAT101",,,,,,,45D,,,,60B,,53C,72A,51C,50C,,60B,,,,16F,,51C,,,,,3.00,2.86,"CSC301,CSC311,GST301,MAT101,MAT101",,,,,,,,,55C,51C,71A,71A,60B,50C,46D,,,,,,3.55,2.89,"CSC301,CSC311,GST301,MAT101,MAT101"
28,52C,46D,28F,45D,52C,33F,45D,52C,23F,45D,63B,67B,16F,1.64,1.64,"GST111,BIO101,MAT101,STA111",,57C,65B,,,45D,72A,75A,55C,50C,45D,45D,71A,50C,3.17,2.35,"GST111,BIO101,MAT101,STA111",,,,,50C,,,25F,60B,51C,45D,47D,52C,45D,,,47D,,,,,,60B,,2.50,2.35,"CSC201,STA211,MAT201,MAT205,AFE203,AFE2051",,,84A,,,60B,68B,66B,50C,,67B,,,71A,,,64B,,4.05,2.75,"CSC201,STA211,MAT201,MAT205,AFE203,AFE2051",,,,,45D,,,,,,50C,63B,,68B,62B,50C,50C,,,,,,62B,62B,,,,51C,3.40,2.75,"CSC303,GST301,CSC315,AFE203,AFE2051",,,,,,,,,68B,50C,60B,61B,60B,22F,45D,,,,,,3.05,2.90,"CSC312,CSC303,GST301,CSC315,AFE203,AFE2051"
29,45D,52C,45D,54C,52C,50C,46D,45D,70A,50C,64B,73A,47D,2.96,2.96,PASS,50C,,,60B,,45D,60B,62B,60B,50C,45D,55C,45D,53C,3.04,3.00,PASS,,,,70A,,,,45D,61B,54C,29F,45D,50C,,,,,50C,45D,,,,,45D,2.40,3.00,CSC207,,,82A,,,67B,73A,64B,60B,,76A,,,75A,,,60B,,4.43,3.15,CSC207,,,,,,,,9F,,,62B,70A,46D,52C,48D,45D,45D,46D,,,61B,,,,,,,,2.55,3.15,CSC207,,,,,,,,,70A,45D,50C,51C,50C,45D,45D,,,,,,2.95,3.02,CSC207
30,52C,60B,45D,60B,64B,56C,63B,56C,53C,52C,60B,88A,71A,3.57,3.57,PASS,77A,,63B,,,60B,84A,71A,64B,64B,61B,45D,71A,50C,3.96,3.75,PASS,,,,85A,,,,58C,70A,52C,45D,51C,70A,,,,,71A,55C,,,,,60B,3.64,3.75,PASS,,,79A,,,67B,71A,57C,55C,,75A,,,67B,,,68B,,4.00,3.78,PASS,,,,,,,,,,,57C,74A,70A,80A,56C,65B,60B,70A,,,61B,,,,,,,,4.23,3.78,PASS,,,,,,,,,80A,70A,71A,77A,70A,50C,51C,,,,,,4.45,3.87,PASS
31,52C,51C,45D,50C,45D,45D,47D,53C,75A,46D,55C,47D,45D,2.64,2.64,PASS,,50C,,,84A,45D,46D,53C,60B,50C,21F,52C,63B,50C,2.58,2.62,MAT104,,,63B,,,,,45D,45D,31F,29F,51C,60B,,,,,29F,17F,,,,,55C,1.40,2.62,"MAT205,CSC205,CSC207,MAT201",,,50C,,,45D,50C,45D,55C,,36F,,50C,67B,,,58C,,2.63,2.32,"GST212,MAT205,CSC205,CSC207,MAT201",,,,,,,26F,45D,,,54C,60B,23F,,51C,50C,,50C,,,,,45D,45D,,,,,2.20,2.32,"CSC303,CSC305,CSC311,GST301,GST212,CSC205",,,,,,,,,56C,45D,45D,60B,55C,45D,9F,32F,,,,,2.13,2.29,"CSC314,CSC303,CSC305,CSC311,GST301,GST212,CSC205"
32,61B,75A,57C,70A,83A,60B,71A,74A,76A,77A,78A,78A,81A,4.68,4.68,PASS,,71A,,,95A,76A,78A,62B,63B,79A,80A,60B,68B,87A,4.67,4.67,PASS,,,,,,,,,,,,,,,,,,,,,,,,,0.00,4.67,"CSC211,CSC207,STA211,CSC2093,CSC201,CSC205,MAT201,CSC203,MAT205,AFE203,AFE2051",,,,,,,,,,,,,,,,,,,0.00,4.67,"CSC208,CSC206,CSC202,CSC204,AFE202,MAT204,PHY202,GST212,CSC211,CSC207,STA211,CSC2093,CSC201,CSC205,MAT201,CSC203,MAT205,AFE203,AFE2051",,,,,,,,,,,,,,,,,,,,,,,,,,,,,0.00,4.67,"CSC301,CSC305,CSC311,CSC303,CSC309,CSC307,GST301,CSC299,CSC315,CSC208,CSC206,CSC202,CSC204,AFE202,MAT204,PHY202,GST212,CSC211,CSC207,STA211,CSC2093,CSC201,CSC205,MAT201,CSC203,MAT205,AFE203,AFE2051",,,,,,,,,,,,,,,,,,,,,0.00,4.67,"CSC302,CSC304,CSC306,CSC308,CSC310,CSC312,CSC314,CSC301,CSC305,CSC311,CSC303,CSC309,CSC307,GST301,CSC299,CSC315,CSC208,CSC206,CSC202,CSC204,AFE202,MAT204,PHY202,GST212,CSC211,CSC207,STA211,CSC2093,CSC201,CSC205,MAT201,CCSC302,CSC304,CSC306,CSC308"
33,45D,46D,45D,45D,45D,32F,29F,45D,21F,43F,54C,0F,17F,1.14,1.14,"MAT101,PHY107,GST113,GST111,STA111,PHY101",,46D,,,61B,50C,45D,47D,45D,18F,45D,50C,26F,45D,2.00,1.54,"PHY108,MAT102,MAT101,PHY107,GST113,GST111,STA111,PHY101",,,31F,,,,,45D,,,15F,15F,,,,,45D,45D,45D,45D,,,45D,,1.48,1.54,"AFE203,CSC2093,CSC207,CSC211,STA211,CSC205,CSC203,PHY108,MAT102,PHY107,GST113,GST111",,,54C,,,45D,46D,45D,50C,,46D,,,45D,,,45D,,2.19,1.67,"AFE203,CSC2093,CSC207,CSC211,STA211,CSC205,CSC203,PHY108,MAT102,PHY107,GST113,GST111",,,,,,,,,,,55C,56C,18F,29F,54C,9F,45D,19F,,,60B,,,,,,,,1.58,1.67,"CSC305,CSC303,CSC309,CSC315,AFE203,CSC2093,CSC207,CSC211,STA211,CSC205,CSC203,MAT102,PHY107,GST113,GST111",,,,,,,,,64B,,22F,50C,50C,15F,22F,,,,53C,,1.85,1.65,"CSC312,CSC314,CSC306,CSC304,CSC305,CSC303,CSC309,CSC315,AFE203,CSC2093,CSC207,CSC211,STA211,CSC205,CSC203,MAT102,PHY107,GST113,GST111"
34,54C,54C,53C,51C,51C,53C,50C,52C,50C,50C,61B,78A,47D,3.04,3.04,PASS,,50C,,72A,,50C,81A,63B,56C,62B,50C,45D,63B,45D,3.38,3.19,PASS,,,62B,,,,,52C,50C,60B,46D,45D,61B,,,,,55C,50C,,,,,45D,2.88,3.19,PASS,,,80A,,,71A,65B,64B,63B,,70A,,,70A,,,75A,,4.57,3.41,PASS,,,,,,,,,,,72A,53C,60B,74A,74A,71A,72A,73A,,,56C,,,,,,,,4.50,3.41,PASS,,,,,,,,,74A,50C,70A,71A,70A,71A,64B,,,,,,4.59,3.64,PASS
35,50C,51C,45D,51C,61B,45D,26F,31F,61B,46D,60B,80A,61B,2.79,2.79,"GST113,GST115",60B,,,,88A,50C,70A,46D,53C,50C,45D,36F,68B,50C,2.83,2.81,"PHY102,GST113,GST115",,,,61B,,,,50C,60B,54C,50C,50C,53C,,,47D,,45D,,,,,,45D,2.83,2.81,"MAT205,GST113",,,75A,,,71A,67B,63B,50C,,73A,,,64B,75A,,66B,,4.25,3.16,"MAT205,GST113",,,,,,,,,,,62B,70A,53C,70A,60B,45D,50C,52C,,,51C,,,45D,,,,,3.41,3.16,GST113,,,,,,,,,60B,45D,45D,60B,62B,45D,22F,,,,,,2.64,3.22,"CSC314,GST113"
36,60B,52C,45D,54C,46D,45D,48D,51C,57C,45D,64B,65B,46D,2.61,2.61,PASS,,45D,50C,,,50C,71A,50C,54C,45D,45D,51C,70A,45D,2.96,2.77,PASS,,,63B,,,,,45D,70A,55C,31F,21F,50C,,,,,60B,45D,,,,,45D,2.44,2.77,"CSC207,CSC2093",,,74A,,,47D,54C,50C,56C,,53C,,,57C,,,61B,,3.10,2.76,"CSC207,CSC2093",,,,,,,,3F,55C,,60B,60B,46D,,56C,45D,52C,62B,,,,,,,,,,,2.77,2.76,"CSC305,GST301,CSC207",,,,,,,,,,,,,,,,,,,,,0.00,2.76,"CSC302,CSC304,CSC306,CSC308,CSC310,CSC312,CSC314,CSC305,GST301,CSC207"
37,50C,52C,46D,50C,46D,50C,46D,50C,46D,45D,62B,57C,45D,2.50,2.50,PASS,,60B,,,74A,70A,70A,73A,50C,61B,45D,54C,66B,50C,3.83,3.12,PASS,,,66B,,,,,51C,73A,50C,56C,55C,62B,,,,,57C,57C,,,,,53C,3.32,3.12,PASS,,,66B,,,66B,63B,60B,50C,,74A,,,65B,,,71A,,4.10,3.38,PASS,,,,,,,,,,,71A,82A,86A,73A,60B,50C,60B,74A,,,64B,,,,,,,,4.46,3.38,PASS,,,,,,,,,80A,63B,62B,70A,65B,50C,60B,,,,,,4.18,3.60,PASS
38,51C,0F,30F,45D,61B,53C,63B,68B,79A,47D,56C,73A,25F,2.61,2.61,"AFE103,BIO101,STA111",,52C,,,94A,50C,55C,53C,61B,60B,53C,50C,64B,45D,3.25,2.90,"AFE103,BIO101,STA111",,,64B,,50C,,,45D,,45D,50C,45D,64B,,,,,51C,46D,,,,45D,45D,2.46,2.90,"CSC203,AFE103",,,85A,,,53C,62B,56C,54C,,70A,,,71A,,,60B,,3.86,2.98,"CSC203,AFE103",,,,,,61B,,,,,64B,70A,52C,60B,54C,50C,70A,53C,,,61B,,,,,,,,3.79,2.98,AFE103,,,,,,,,,78A,45D,60B,65B,60B,45D,60B,,,,,,3.64,3.16,AFE103
39,52C,54C,45D,55C,61B,50C,34F,52C,45D,51C,64B,51C,46D,2.64,2.64,GST113,,55C,,65B,,60B,77A,54C,55C,61B,50C,53C,66B,62B,3.67,3.12,GST113,,,,,,,,,,,,,,,,,,,,,,,,,0.00,3.12,"CSC211,CSC207,STA211,CSC2093,CSC201,CSC205,MAT201,CSC203,MAT205,AFE203,AFE2051,GST113",,,,,,,,,,,,,,,,,,,0.00,3.12,"CSC208,CSC206,CSC202,CSC204,AFE202,MAT204,PHY202,GST212,CSC211,CSC207,STA211,CSC2093,CSC201,CSC205,MAT201,CSC203,MAT205,AFE203,AFE2051,GST113",,,,,45D,45D,45D,,34F,,,,,,,,,,,,,,12F,53C,,,,15F,1.35,3.12,"STA211,CSC2093,MAT201,CSC301,CSC305,CSC311,CSC303,CSC309,CSC307,GST301,CSC299,CSC315,CSC208,MAT204,CSC211,CSC207,STA211,CSC2093,MAT201,AFE203,AFE2051,GST113",,,65B,57C,57C,45D,0F,,,0F,,,,,,56C,45D,,,45D,1.95,2.63,"CSC304,CSC208,CSC302,CSC306,CSC308,CSC310,CSC312,CSC314,STA211,CSC2093,MAT201,CSC301,CSC305,CSC311,CSC303,CSC309,CSC307,GST301,CSC299,CSC315,CSC208,MAT204,CSC211,CSC207,STA211,CSC2093,MAT201,AFE203,AFE2051,GST113"
40,51C,45D,19F,52C,46D,29F,60B,55C,46D,48D,61B,0F,45D,2.07,2.07,"PHY107,BIO101,GST111",,50C,70A,,,45D,30F,51C,53C,14F,45D,45D,0F,17F,1.58,1.85,"CSC104,PHY108,STA132,MAT102,PHY107,BIO101,GST111",,,,,46D,,,45D,51C,,45D,12F,51C,,,,,45D,45D,,,,,9F,1.75,1.85,"CSC2093,STA211,CSC205,AFE203,AFE2051,PHY108,PHY107,GST111",,,85A,,70A,45D,63B,46D,48D,,65B,50C,,64B,,,,52C,3.27,2.19,"PHY202,CSC2093,STA211,CSC205,AFE203,AFE2051,PHY108,PHY107,GST111",,,61B,,,,12F,,45D,,,,,68B,56C,16F,,20F,,,55C,,,,,51C,,60B,2.08,2.19,"CSC315,CSC309,CSC205,CSC301,CSC311,CSC303,CSC299,CSC205,GST111",,,,,,,,,47D,45D,45D,63B,,23F,45D,,,,72A,45D,2.14,2.17,"CSC312,CSC310,CSC315,CSC309,CSC205,CSC301,CSC311,CSC303,CSC299,CSC205,GST111"
41,51C,60B,60B,51C,77A,55C,70A,79A,51C,78A,78A,83A,70A,4.21,4.21,PASS,,63B,,,85A,71A,84A,65B,67B,71A,79A,61B,70A,60B,4.58,4.38,PASS,,,73A,,,,,50C,82A,73A,65B,47D,72A,,,,,75A,70A,,,,,73A,4.40,4.38,PASS,,,70A,,,83A,65B,66B,53C,,70A,,,57C,,,72A,,4.14,4.34,PASS,,,,,,,,,,,62B,85A,81A,82A,74A,70A,71A,61B,,,63B,,,,,,,,4.69,4.34,PASS,,,,,,,,,84A,80A,71A,82A,84A,60B,71A,,,,,,4.86,4.41,PASS
42,60B,60B,45D,45D,50C,50C,71A,70A,50C,48D,57C,67B,45D,3.00,3.00,PASS,60B,,,71A,,60B,70A,72A,50C,60B,60B,70A,68B,71A,4.38,3.63,PASS,,,,60B,,,,60B,70A,70A,61B,62B,67B,,,,,60B,60B,,,,,60B,4.24,3.63,PASS,,,83A,,,71A,67B,71A,71A,,66B,,,74A,,,77A,,4.76,4.03,PASS,,,,,,,,,,,71A,60B,60B,60B,62B,61B,71A,61B,,,60B,,,,,,,,4.23,4.03,PASS,,,,,,,,,62B,50C,50C,70A,64B,50C,60B,,,,,,3.73,4.07,PASS
43,46D,45D,45D,60B,50C,36F,45D,47D,63B,45D,57C,45D,22F,2.25,2.25,"GST111,STA111",,65B,,,90A,50C,51C,56C,50C,50C,45D,53C,61B,52C,3.04,2.62,"GST111,STA111",,,,,,,,45D,54C,45D,45D,45D,54C,45D,,,,46D,,,,,65B,61B,2.62,2.62,"MAT205,AFE203,AFE2051",,,84A,,,65B,72A,66B,50C,,57C,,,73A,,,61B,,4.10,2.93,"MAT205,AFE203,AFE2051",,,,,,,,,,,64B,64B,45D,73A,57C,45D,50C,45D,,,50C,,,45D,,,,,3.00,2.93,"AFE203,AFE2051",,,,,,,,,70A,45D,50C,64B,52C,45D,60B,,,,,,3.36,2.95,"AFE203,AFE2051"
44,54C,63B,45D,51C,51C,50C,45D,62B,78A,45D,62B,67B,45D,3.07,3.07,PASS,,27F,,57C,,45D,70A,62B,62B,50C,50C,45D,66B,45D,3.00,3.04,AFE126,,,48D,,,,,45D,46D,34F,50C,54C,52C,,,,,46D,46D,,,,,50C,2.12,3.04,CSC205,77A,,77A,,,55C,67B,70A,52C,,67B,,,55C,,,65B,,3.82,2.98,CSC205,,,,,,,,,,,,,,,,,,,,,,,,,,,,,0.00,2.98,"CSC301,CSC305,CSC311,CSC303,CSC309,CSC307,GST301,CSC299,CSC315,CSC205",,,,,,,,,,,,,,,,,,,,,0.00,2.98,"CSC302,CSC304,CSC306,CSC308,CSC310,CSC312,CSC314,CSC301,CSC305,CSC311,CSC303,CSC309,CSC307,GST301,CSC299,CSC315,CSC205"
45,46D,50C,46D,63B,80A,45D,56C,73A,24F,0F,58C,68B,46D,2.64,2.64,"PHY101,MAT101",,60B,57C,,,50C,70A,54C,53C,50C,50C,46D,51C,15F,2.92,2.77,"STA132,PHY101,MAT101",,,,,,,,,,,,,,,,,,,,,,,,,0.00,2.77,"CSC211,CSC207,STA211,CSC2093,CSC201,CSC205,MAT201,CSC203,MAT205,AFE203,AFE2051,STA132,PHY101,MAT101",,,,,,,,,,,,,,,,,,,0.00,2.77,"CSC208,CSC206,CSC202,CSC204,AFE202,MAT204,PHY202,GST212,CSC211,CSC207,STA211,CSC2093,CSC201,CSC205,MAT201,CSC203,MAT205,AFE203,AFE2051,STA132,PHY101,MAT101",,,,,,,,,,,,,,,,,,,,,,,,,,,,,0.00,2.77,"CSC301,CSC305,CSC311,CSC303,CSC309,CSC307,GST301,CSC299,CSC315,CSC208,CSC206,CSC202,CSC204,AFE202,MAT204,PHY202,GST212,CSC211,CSC207,STA211,CSC2093,CSC201,CSC205,MAT201,CSC203,MAT205,AFE203,AFE2051,STA132,PHY101,MAT101",,,,,,,,,,,,,,,,,,,,,0.00,2.77,"CSC302,CSC304,CSC306,CSC308,CSC310,CSC312,CSC314,CSC301,CSC305,CSC311,CSC303,CSC309,CSC307,GST301,CSC299,CSC315,CSC208,CSC206,CSC202,CSC204,AFE202,MAT204,PHY202,GST212,CSC211,CSC207,STA211,CSC2093,CSC201,CSC205,MAT201,CCSC302,CSC304,CSC306,CSC308,CSC310,CSC312,CSC314"
46,46D,46D,45D,51C,45D,46D,60B,45D,72A,42F,65B,0F,45D,2.50,2.50,"PHY107,PHY101",,62B,,,94A,51C,60B,52C,52C,60B,50C,54C,48D,51C,3.33,2.88,"PHY107,PHY101",,,70A,,,,,50C,62B,39F,45D,21F,58C,,,,,62B,54C,66B,,55C,,45D,2.61,2.88,"CSC205,CSC2093",,,80A,,,55C,74A,62B,54C,,64B,,,71A,,,70A,,4.19,3.08,"CSC205,CSC2093",,,,,,,45D,,50C,,64B,62B,45D,66B,45D,45D,45D,45D,,,54C,,,,,,,,2.71,3.08,PASS,,,,,,,,,62B,45D,60B,60B,56C,45D,61B,,,,,,3.32,2.99,PASS
47,51C,60B,45D,56C,45D,45D,40F,66B,54C,50C,63B,45D,60B,2.75,2.75,GST113,,60B,,,83A,45D,72A,55C,60B,50C,50C,50C,45D,50C,3.29,3.00,GST113,,,74A,,,,,50C,62B,51C,51C,45D,51C,,,,,62B,45D,,,,,51C,3.12,3.00,GST113,,,78A,,,56C,0F,52C,47D,,61B,,,64B,,,,,2.72,2.98,"CSC204,PHY202,GST113",,,,,,,,,,,55C,50C,46D,55C,54C,45D,45D,50C,,,55C,,,,,,,,2.65,2.98,GST113,,,,,50C,,,,63B,18F,61B,52C,50C,45D,46D,,,,,55C,2.69,2.91,"CSC304,GST113"
48,52C,50C,30F,47D,61B,45D,45D,31F,55C,55C,70A,0F,45D,2.25,2.25,"PHY107,BIO101,GST115",,30F,,,85A,50C,45D,47D,45D,50C,50C,54C,58C,50C,2.67,2.44,"AFE126,PHY107,BIO101,GST115",,,53C,,45D,,,50C,,50C,51C,50C,51C,,,46D,,50C,56C,,,,,51C,2.81,2.44,"CSC203,PHY107",68B,,81A,,,51C,67B,64B,53C,,53C,,,72A,,,54C,,3.68,2.81,"CSC203,PHY107",,,,,,45D,,,,,60B,63B,46D,57C,56C,50C,62B,72A,,,62B,,,,,,,,3.38,2.81,PHY107,,,,,,,,,80A,45D,50C,65B,50C,45D,53C,,,,,,3.23,2.94,PHY107
49,57C,64B,46D,65B,70A,60B,48D,70A,61B,53C,76A,79A,55C,3.71,3.71,PASS,,63B,,,72A,70A,61B,56C,64B,62B,51C,45D,76A,70A,3.83,3.77,PASS,,,66B,,,,,50C,82A,70A,61B,56C,60B,,,,,55C,75A,,,,,70A,4.16,3.77,PASS,,,67B,,,60B,63B,51C,31F,,45D,,,50C,,,50C,,2.81,3.66,CSC208,,,,,,,,,,,,,,,,,,,,,,,,,,,,,0.00,3.66,"CSC301,CSC305,CSC311,CSC303,CSC309,CSC307,GST301,CSC299,CSC315,CSC208",,,,,,,,,,,,,,,,,,,,,0.00,3.66,"CSC302,CSC304,CSC306,CSC308,CSC310,CSC312,CSC314,CSC301,CSC305,CSC311,CSC303,CSC309,CSC307,GST301,CSC299,CSC315,CSC208"
50,46D,56C,45D,50C,50C,46D,32F,62B,63B,34F,60B,60B,50C,2.64,2.64,"PHY101,GST113",,46D,,,90A,61B,64B,61B,60B,50C,50C,52C,63B,47D,3.42,3.00,"PHY101,GST113",,,,,,,,45D,65B,45D,52C,50C,58C,,45D,,,63B,45D,,,,,45D,2.69,3.00,"AFE203,AFE2051,PHY101",,,74A,,,50C,65B,60B,50C,,60B,,,61B,,,65B,,3.76,3.08,"AFE203,AFE2051,PHY101",,,46D,,,,,,,,55C,61B,45D,61B,51C,45D,52C,50C,,,54C,,,,66B,,,,3.03,3.08,PASS,,,,,,,,,67B,23F,70A,71A,55C,50C,46D,,,,,,3.18,3.07,CSC304
51,50C,51C,45D,52C,45D,32F,51C,50C,71A,48D,60B,23F,70A,2.89,2.89,"GST111,PHY107",,0F,,,80A,51C,64B,0F,0F,51C,50C,61B,65B,51C,2.75,2.83,"GST122,GST114,AFE126,GST111,PHY107",,,71A,,,,,45D,53C,51C,45D,48D,54C,,,,,74A,56C,,,,,45D,2.88,2.83,"GST122,GST114,AFE126,GST111,PHY107",,,77A,,,29F,68B,54C,53C,,61B,,,63B,,,63B,,3.19,2.92,"CSC202,GST122,GST114,AFE126,GST111,PHY107",,,,,,,,,,,60B,60B,47D,70A,64B,18F,50C,20F,,,65B,,,,,,,,2.85,2.92,"CSC315,CSC309,CSC202,GST122,GST114,GST111,PHY107",52C,,,8F,,,,,71A,,,45D,70A,45D,75A,,,,,,3.25,2.90,"CSC304,CSC306,CSC315,CSC309,CSC202,GST122,GST114,GST111,PHY107"
52,65B,60B,50C,63B,80A,62B,65B,77A,61B,73A,76A,74A,78A,4.36,4.36,PASS,81A,,,83A,,70A,74A,72A,73A,72A,71A,56C,66B,72A,4.71,4.52,PASS,,,,86A,,,,74A,81A,79A,74A,50C,70A,,,,,86A,81A,,,,,70A,4.84,4.52,PASS,,,86A,,,86A,77A,76A,66B,,80A,,,71A,,,72A,,4.86,4.67,PASS,,,,,,,,,,,60B,84A,84A,80A,65B,60B,84A,71A,,,65B,,,,,,,,4.58,4.67,PASS,,,,,,,,,79A,75A,72A,87A,81A,95A,74A,,,,,,5.00,4.65,PASS
53,80A,60B,45D,46D,80A,50C,62B,71A,71A,57C,62B,77A,60B,3.79,3.79,PASS,,46D,,61B,,53C,52C,60B,60B,50C,45D,46D,65B,52C,2.96,3.40,PASS,,,68B,,,,,50C,52C,55C,45D,52C,58C,,,,,45D,46D,,,,,45D,2.56,3.40,PASS,,,,,,,,,,,,,,,,,,,0.00,3.13,"CSC208,CSC206,CSC202,CSC204,AFE202,MAT204,PHY202,GST212",,,,,,,,,,,,,,,,,,,,,,,,,,,,,0.00,3.13,"CSC301,CSC305,CSC311,CSC303,CSC309,CSC307,GST301,CSC299,CSC315,CSC208,CSC206,CSC202,CSC204,AFE202,MAT204,PHY202,GST212",,,,,,,,,,,,,,,,,,,,,0.00,3.13,"CSC302,CSC304,CSC306,CSC308,CSC310,CSC312,CSC314,CSC301,CSC305,CSC311,CSC303,CSC309,CSC307,GST301,CSC299,CSC315,CSC208,CSC206,CSC202,CSC204,AFE202,MAT204,PHY202,GST212"
54,46D,51C,32F,60B,61B,33F,33F,47D,45D,60B,45D,16F,74A,2.36,2.36,"GST111,BIO101,PHY107,GST113",,48D,60B,,,50C,70A,54C,50C,50C,45D,51C,63B,54C,3.17,2.73,"GST111,BIO101,PHY107,GST113",,,,,,,,0F,0F,60B,50C,46D,0F,,,,,31F,50C,,,,,45D,1.67,2.73,"MAT201,CSC211,CSC203,CSC201,AFE203,AFE2051,GST111,BIO101,PHY107,GST113",,,64B,,,45D,50C,56C,60B,,65B,,,53C,,,56C,,3.14,2.56,"MAT201,CSC211,CSC203,CSC201,AFE203,AFE2051,GST111,BIO101,PHY107,GST113",,,,,,,,,,,70A,72A,45D,50C,50C,20F,50C,50C,,,60B,,,,,,,,3.08,2.56,"CSC309,MAT201,CSC211,CSC203,CSC201,AFE203,AFE2051,GST111,BIO101,PHY107,GST113",,,,,,,,,60B,22F,50C,64B,51C,45D,61B,,,,,,2.91,2.67,"CSC304,CSC309,MAT201,CSC211,CSC203,CSC201,AFE203,AFE2051,GST111,BIO101,PHY107,GST113"
55,46D,46D,45D,47D,63B,37F,34F,53C,77A,50C,61B,63B,71A,2.93,2.93,"GST111,GST113",68B,,,,95A,51C,63B,61B,57C,60B,50C,54C,56C,50C,3.46,3.17,"GST111,GST113",,,,,,,,45D,56C,70A,45D,51C,54C,53C,45D,,,61B,45D,,,,,50C,2.93,3.17,"AFE203,AFE2051",,,81A,,,57C,68B,57C,,,61B,,,63B,,,70A,,3.89,3.23,"CSC208,AFE203,AFE2051",,67B,,,,,,,,,60B,60B,45D,73A,45D,45D,50C,50C,,,58C,,,,,,,,3.15,3.23,PASS,,,,,,,52C,,78A,45D,17F,60B,50C,45D,35F,,,,,,2.46,3.22,"CSC306,CSC314"
56,57C,53C,45D,55C,52C,37F,37F,57C,24F,45D,63B,70A,45D,2.11,2.11,"MAT101,GST111,GST113",,51C,,47D,,50C,64B,51C,50C,13F,22F,34F,60B,45D,1.92,2.02,"MAT104,MAT102,PHY102,MAT101,GST111,GST113",,,61B,,,,,45D,45D,,,45D,68B,45D,45D,,20F,15F,45D,,,,,10F,1.46,2.02,"STA211,MAT201,CSC207,CSC205,MAT104,MAT101",,,80A,,,,77A,72A,53C,,79A,45D,,67B,45D,,63B,,3.75,2.28,"CSC202,STA211,MAT201,CSC207,CSC205,MAT104,MAT101",,,,,,,45D,2F,,,50C,63B,52C,,,45D,,45D,,,,45D,15F,,,,,,2.00,2.28,"CSC207,CSC305,CSC311,CSC307,GST301,CSC202,STA211,MAT201,CSC207,MAT104",,,,9F,,,,,60B,45D,53C,50C,,45D,22F,,,,,,2.09,2.22,"CSC202,CSC314,CSC310,CSC207,CSC305,CSC311,CSC307,GST301,CSC202,STA211,MAT201,CSC207,MAT104"
57,46D,61B,64B,60B,66B,60B,68B,77A,47D,62B,77A,73A,71A,4.00,4.00,PASS,,71A,,,82A,79A,79A,65B,66B,70A,70A,51C,70A,72A,4.58,4.27,PASS,,,72A,,,,,70A,72A,70A,65B,55C,71A,,,,,67B,70A,,,,,51C,4.36,4.27,PASS,,,76A,,,77A,77A,74A,48D,,75A,,,67B,,,74A,,4.43,4.33,PASS,,,,,,,,,,,60B,71A,66B,70A,64B,50C,61B,73A,,,57C,,,,,,,,4.15,4.33,PASS,,,,,,,,,70A,65B,70A,70A,73A,45D,60B,,,,,,4.32,4.29,PASS
58,,,,,,,,,,,,,,0.00,0.00,"CSC101,STA111,CHM101,BIO101,AFE101,AFE103,GST111,GST113,GST115,PHY101,PHY103,PHY107,MAT101",,,,,,5F,0F,0F,0F,0F,0F,0F,0F,,0.00,0.00,"GST122,GST114,CSC104,PHY108,PHY102,MAT104,MAT102,CSC102,STA132,AFE124,AFE126,AFE128,AFE130,AFE132,CSC101,STA111,CHM101,BIO101,AFE101,AFE103,GST111,GST113,GST115,PHY101,PHY103,PHY107,MAT101",,,,,,,,,,,,,,,,,,,,,,,,,0.00,0.00,"CSC211,CSC207,STA211,CSC2093,CSC201,CSC205,MAT201,CSC203,MAT205,AFE203,AFE2051,GST122,GST114,CSC104,PHY108,PHY102,MAT104,MAT102,CSC102,STA132,AFE124,AFE126,AFE128,AFE130,AFE132,CSC101,STA111,CHM101,BIO101,AFE101,AFE103,CSC211,CSC207,STA211,CSC2093,CSC201,CSC205",,,,,,,,,,,,,,,,,,,0.00,0.00,"CSC208,CSC206,CSC202,CSC204,AFE202,MAT204,PHY202,GST212,CSC211,CSC207,STA211,CSC2093,CSC201,CSC205,MAT201,CSC203,MAT205,AFE203,AFE2051,GST122,GST114,CSC104,PHY108,PHY102,MAT104,MAT102,CSC102,STA132,AFE124,AFE126,AFE128,CSC208,CSC206,CSC202,CSC204,AFE202,MAT204,PHY202,GST212,CSC211,CSC207,STA211,CSC2093,CSC201,CSC205",,,,,,,,,,,,,,,,,,,,,,,,,,,,,0.00,0.00,"CSC301,CSC305,CSC311,CSC303,CSC309,CSC307,GST301,CSC299,CSC315,CSC208,CSC206,CSC202,CSC204,AFE202,MAT204,PHY202,GST212,CSC211,CSC207,STA211,CSC2093,CSC201,CSC205,MAT201,CSC203,MAT205,AFE203,AFE2051,GST122,GST114,CSC104,CSC301,CSC305,CSC311,CSC303,CSC309,CSC307,GST301,CSC299,CSC315,CSC208,CSC206,CSC202,CSC204,AFE202,MAT204,PHY202,GST212,CSC211,CSC207,STA211,CSC2093,CSC201,CSC205",,,,,,,,,,,,,,,,,,,,,0.00,0.00,"CSC302,CSC304,CSC306,CSC308,CSC310,CSC312,CSC314,CSC301,CSC305,CSC311,CSC303,CSC309,CSC307,GST301,CSC299,CSC315,CSC208,CSC206,CSC202,CSC204,AFE202,MAT204,PHY202,GST212,CSC211,CSC207,STA211,CSC2093,CSC201,CSC205,MAT201,CCSC302,CSC304,CSC306,CSC308,CSC310,CSC312,CSC314,CSC301,CSC305,CSC311,CSC303,CSC309,CSC307,GST301,CSC299,CSC315,CSC208,CSC206,CSC202,CSC204,AFE202,MAT204,PHY202,GST212,CSC211,CSC207,STA211,CSC2093,CSC201,CSC205"
59,52C,53C,10F,45D,45D,29F,39F,26F,71A,19F,45D,0F,45D,1.54,1.54,"PHY107,GST113,GST115,BIO101,GST111,PHY101",,55C,,,85A,45D,50C,45D,0F,60B,26F,51C,63B,45D,2.33,1.90,"GST122,MAT104,PHY107,GST113,GST115,BIO101,GST111,PHY101",,,,,,,,,,,,,,,,,,,,,,,,,0.00,1.90,"CSC211,CSC207,STA211,CSC2093,CSC201,CSC205,MAT201,CSC203,MAT205,AFE203,AFE2051,GST122,MAT104,PHY107,GST113,GST115,BIO101,GST111,PHY101",,,,,,,,,,,,,,,,,,,0.00,1.90,"CSC208,CSC206,CSC202,CSC204,AFE202,MAT204,PHY202,GST212,CSC211,CSC207,STA211,CSC2093,CSC201,CSC205,MAT201,CSC203,MAT205,AFE203,AFE2051,GST122,MAT104,PHY107,GST113,GST115,BIO101,GST111,PHY101",,,,,,,,,,,,,,,,,,,,,,,,,,,,,0.00,1.90,"CSC301,CSC305,CSC311,CSC303,CSC309,CSC307,GST301,CSC299,CSC315,CSC208,CSC206,CSC202,CSC204,AFE202,MAT204,PHY202,GST212,CSC211,CSC207,STA211,CSC2093,CSC201,CSC205,MAT201,CSC203,MAT205,AFE203,AFE2051,GST122,MAT104,PHY107,CSC301,CSC305,CSC311,CSC303,CSC309",,,,,,,,,,,,,,,,,,,,,0.00,1.90,"CSC302,CSC304,CSC306,CSC308,CSC310,CSC312,CSC314,CSC301,CSC305,CSC311,CSC303,CSC309,CSC307,GST301,CSC299,CSC315,CSC208,CSC206,CSC202,CSC204,AFE202,MAT204,PHY202,GST212,CSC211,CSC207,STA211,CSC2093,CSC201,CSC205,MAT201,CCSC302,CSC304,CSC306,CSC308,CSC310,CSC312,CSC314,CSC301,CSC305,CSC311,CSC303,CSC309"
60,65B,57C,26F,71A,51C,55C,50C,72A,77A,66B,66B,53C,50C,3.43,3.43,BIO101,83A,,,,88A,51C,62B,75A,60B,50C,60B,46D,70A,61B,3.71,3.56,BIO101,,,,82A,45D,,,45D,55C,53C,45D,57C,72A,,,,,55C,50C,,,,,45D,2.71,3.56,PASS,,,86A,,,67B,70A,75A,50C,,70A,,,63B,,,65B,,4.29,3.48,PASS,,,,,,,,,,,60B,70A,51C,70A,76A,50C,77A,45D,,,64B,,,,,,,,4.00,3.48,PASS,,,,,,,,,67B,45D,71A,70A,60B,50C,45D,,,,,,3.59,3.58,PASS
61,54C,54C,45D,53C,82A,53C,45D,67B,50C,68B,73A,78A,70A,3.61,3.61,PASS,57C,,,61B,,64B,70A,56C,60B,70A,70A,51C,68B,62B,4.13,3.85,PASS,,,,71A,,,,70A,76A,63B,53C,50C,68B,,,,,71A,77A,,,,,57C,4.20,3.85,PASS,,,75A,,,80A,72A,83A,50C,,69B,,,67B,,,71A,,4.48,4.07,PASS,,,,,,,,,,,70A,80A,76A,75A,60B,67B,76A,80A,,,63B,,,,,,,,4.69,4.07,PASS,,,,,,,,,78A,60B,70A,85A,70A,60B,66B,,,,,,4.59,4.20,PASS
62,52C,51C,45D,51C,51C,50C,56C,68B,56C,48D,57C,52C,46D,2.79,2.79,PASS,,45D,,,77A,50C,74A,54C,66B,45D,50C,47D,62B,50C,3.17,2.96,PASS,,,66B,,,,,46D,60B,70A,45D,45D,56C,,,,,45D,52C,,,,,50C,2.96,2.96,PASS,,,66B,,,60B,55C,51C,45D,,55C,,,61B,,,61B,,3.33,3.04,PASS,,,,,,,,,,,60B,74A,73A,70A,64B,50C,50C,57C,,,60B,,,,,,,,4.00,3.04,PASS,,,,,,,,,63B,60B,70A,62B,60B,45D,55C,,,,,,3.73,3.24,PASS
63,46D,57C,50C,80A,78A,60B,70A,78A,60B,56C,72A,66B,60B,4.14,4.14,PASS,,64B,,,86A,88A,87A,72A,70A,62B,70A,56C,70A,71A,4.58,4.35,PASS,,,84A,,,,,79A,84A,74A,66B,70A,72A,,70A,,,75A,87A,,,,,78A,4.89,4.35,PASS,,,83A,,,82A,64B,76A,53C,,82A,,,75A,,,78A,,4.57,4.54,PASS,,,,,,,,,,,70A,75A,79A,80A,79A,70A,76A,85A,,,64B,,,,,,,,4.92,4.54,PASS,,,,,,,,,81A,70A,75A,79A,72A,86A,60B,,,,,,4.86,4.62,PASS
64,52C,47D,45D,50C,50C,50C,33F,45D,48D,52C,65B,0F,45D,2.32,2.32,"PHY107,GST113",,67B,,,82A,62B,86A,61B,60B,60B,52C,50C,65B,61B,3.92,3.06,"PHY107,GST113",,,77A,,,,,52C,73A,70A,66B,54C,60B,,60B,,,60B,65B,,,70A,,53C,4.00,3.06,PASS,,,63B,,,64B,63B,60B,39F,,76A,,,61B,,,52C,,3.38,3.39,CSC208,,,,,,,,,,,60B,60B,57C,70A,61B,50C,62B,55C,,,63B,,,,,,,,3.77,3.39,PASS,,,,,,,72A,,71A,73A,63B,83A,76A,60B,70A,,,,,,4.75,3.46,PASS
65,45D,52C,45D,56C,50C,45D,63B,60B,50C,50C,64B,60B,46D,2.93,2.93,PASS,,52C,67B,,,45D,50C,64B,60B,45D,45D,36F,57C,45D,2.38,2.67,PHY102,,,63B,,,,,45D,51C,45D,45D,50C,54C,,,,,45D,27F,,,,,46D,2.08,2.67,MAT205,,,79A,,,52C,70A,52C,54C,,71A,,,,48D,,68B,,3.57,2.71,"MAT204,MAT205",,,,,,,,,,,60B,72A,50C,50C,46D,45D,62B,45D,,,53C,,,,,,,,3.12,2.71,"MAT204,MAT205",,,,,,,,,52C,45D,50C,53C,60B,23F,61B,,,,,,2.73,2.80,"CSC312,MAT204,MAT205"
66,51C,50C,45D,50C,45D,50C,49D,51C,61B,46D,56C,0F,45D,2.54,2.54,PHY107,72A,,61B,,,45D,45D,45D,57C,50C,28F,46D,0F,18F,1.92,2.25,"PHY108,STA132,MAT104,PHY107",,,,84A,,,,28F,60B,51C,45D,45D,60B,,,,,50C,52C,,,,,45D,2.56,2.25,"CSC201,PHY108,MAT104,PHY107",,,65B,,,45D,64B,55C,51C,,56C,,,61B,,,66B,67B,3.39,2.59,"CSC201,PHY108,MAT104,PHY107",,,,,10F,,,,,,70A,68B,50C,46D,52C,45D,46D,23F,,,57C,,,,,63B,,,2.43,2.59,"CSC315,CSC201,PHY108,MAT104",,,,,,,,,64B,,50C,60B,54C,45D,45D,,,,,,3.05,2.55,"CSC304,CSC315,CSC201,PHY108,MAT104"
67,45D,50C,46D,50C,61B,45D,51C,73A,70A,50C,65B,78A,51C,3.39,3.39,PASS,,62B,61B,,,50C,73A,63B,53C,60B,45D,52C,64B,45D,3.38,3.38,PASS,,,61B,,,,,50C,70A,71A,60B,52C,67B,,,,,65B,71A,,,,,60B,4.16,3.38,PASS,,,80A,,,67B,70A,67B,51C,,68B,,,71A,,,57C,,4.05,3.72,PASS,,,,,,,,,,,70A,71A,50C,76A,80A,45D,75A,70A,,,57C,,,,,,,,4.27,3.72,PASS,,,,,,,,,76A,45D,60B,60B,70A,50C,60B,,,,,,3.91,3.84,PASS
68,51C,45D,45D,50C,50C,50C,31F,45D,74A,23F,57C,68B,50C,2.61,2.61,"GST113,PHY101",,51C,,,82A,54C,60B,53C,45D,45D,50C,54C,51C,24F,2.75,2.67,"STA132,GST113,PHY101",,,64B,,,,,45D,60B,,45D,11F,45D,,45D,,,51C,,47D,,,,45D,2.30,2.67,"CSC2093,CSC205,MAT205",,,71A,,,46D,71A,64B,54C,,65B,,,56C,,,64B,62B,3.65,2.82,"CSC2093,CSC205,MAT205",,,,,,,13F,,45D,,60B,64B,46D,48D,50C,45D,,23F,,,55C,,,11F,,,,,1.97,2.82,"CSC315,CSC205,MAT205,CSC311,CSC205,MAT205",,,,,,,,,63B,17F,60B,60B,53C,45D,60B,,,,,,3.05,2.61,"CSC304,CSC315,CSC205,MAT205,CSC311,CSC205,MAT205"
69,46D,50C,45D,55C,60B,61B,63B,68B,37F,34F,63B,77A,46D,2.68,2.68,"MAT101,PHY101",76A,,,61B,,50C,76A,71A,61B,63B,50C,52C,66B,60B,3.88,3.23,"MAT101,PHY101",,,,80A,,,,55C,62B,,53C,48D,68B,,,,51C,60B,62B,,,,,52C,3.40,3.23,"CSC205,PHY101",,,73A,,,72A,70A,72A,52C,,79A,,,55C,,,66B,,4.29,3.50,"CSC205,PHY101",,,,,,,19F,,,,60B,66B,54C,70A,62B,60B,61B,63B,,,58C,,,,30F,,,,3.29,3.50,"CSC205,CSC205,PHY101",,,,,,,,,68B,45D,54C,75A,64B,23F,62B,,,,,,3.18,3.45,"CSC312,CSC205,CSC205,PHY101"
70,50C,53C,45D,60B,53C,50C,57C,60B,80A,45D,66B,61B,52C,3.32,3.32,PASS,,50C,,66B,,50C,60B,51C,57C,50C,45D,52C,67B,45D,3.00,3.17,PASS,,,63B,,,,,50C,61B,50C,45D,52C,45D,,,,,46D,45D,,,,,50C,2.76,3.17,PASS,,,75A,,,47D,72A,53C,50C,,61B,,,70A,,,62B,,3.76,3.19,PASS,,,,,,,,,,,60B,74A,45D,61B,61B,45D,50C,45D,,,62B,,,,,,,,3.31,3.19,PASS,,,,,,,,,65B,46D,64B,53C,60B,20F,50C,,,,,,2.91,3.22,CSC312
71,54C,55C,45D,60B,60B,50C,62B,53C,51C,41F,65B,71A,55C,3.11,3.11,PHY101,,64B,62B,,,72A,70A,62B,60B,50C,50C,54C,68B,60B,3.88,3.46,PHY101,,,64B,,,,,50C,61B,55C,50C,52C,70A,,,,,63B,74A,,,,,60B,3.72,3.46,PHY101,,,68B,,,60B,63B,60B,46D,,58C,,,64B,,,64B,,3.62,3.56,PHY101,,,,,,,,,,,60B,84A,60B,70A,61B,51C,71A,72A,,,57C,,,,46D,,,,4.11,3.56,PASS,,,,,,,,,80A,46D,61B,70A,67B,45D,62B,,,,,,3.77,3.68,PASS
72,46D,57C,45D,45D,50C,45D,57C,46D,66B,45D,50C,60B,45D,2.57,2.57,PASS,,16F,57C,,,45D,50C,47D,50C,45D,50C,53C,31F,46D,2.33,2.46,"PHY108,AFE126",,,66B,,,,,45D,55C,45D,45D,45D,,,,,,51C,45D,,,,,14F,2.08,2.46,"STA211,CSC211,PHY108",68B,,79A,,,47D,62B,47D,30F,,,,,70A,,,61B,,3.00,2.48,"CSC208,GST212,STA211,CSC211,PHY108",,,,,,,,,,,60B,65B,45D,58C,56C,45D,45D,24F,,,46D,,,,,,,18F,2.21,2.48,"CSC315,GST212,STA211,CSC211,PHY108",,,,,,,45D,,62B,13F,64B,54C,50C,45D,50C,,,,,,2.71,2.42,"CSC304,CSC315,GST212,STA211,CSC211,PHY108"
73,45D,0F,45D,52C,45D,33F,27F,29F,52C,39F,54C,0F,18F,1.36,1.36,"GST111,PHY107,GST115,GST113,PHY101,STA111,AFE103",38F,,,,83A,28F,45D,51C,45D,45D,16F,45D,0F,14F,1.38,1.37,"AFE124,STA132,CSC102,MAT104,PHY108,GST111,PHY107,GST115,GST113,PHY101,STA111,AFE103",,,,,,,,60B,60B,46D,45D,50C,54C,,,,,0F,,,,,,,2.50,1.37,"MAT201,STA211,MAT205,AFE203,AFE2051,AFE124,STA132,MAT104,PHY108,GST111,PHY107,GST115,GST113,PHY101,STA111,AFE103",,,70A,45D,,35F,57C,26F,51C,,66B,,,71A,,,,,2.48,1.85,"CSC202,CSC206,PHY202,MAT201,STA211,MAT205,AFE203,AFE2051,AFE124,STA132,MAT104,PHY108,GST111,PHY107,GST115,GST113,PHY101,STA111,AFE103",,,,,,,,,,,,,,,,,,,,,,,,,,,,,0.00,1.85,"CSC301,CSC305,CSC311,CSC303,CSC309,CSC307,GST301,CSC299,CSC315,CSC202,CSC206,PHY202,MAT201,STA211,MAT205,AFE203,AFE2051,AFE124,STA132,MAT104,PHY108,GST111,PHY107,GST115,GST113,PHY101,STA111,AFE103",,,,,,,,,,,,,,,,,,,,,0.00,1.85,"CSC302,CSC304,CSC306,CSC308,CSC310,CSC312,CSC314,CSC301,CSC305,CSC311,CSC303,CSC309,CSC307,GST301,CSC299,CSC315,CSC202,CSC206,PHY202,MAT201,STA211,MAT205,AFE203,AFE2051,AFE124,STA132,MAT104,PHY108,GST111,PHY107,GST115,GCSC302,CSC304,CSC306"
74,62B,0F,45D,50C,53C,45D,53C,48D,51C,45D,61B,0F,62B,2.68,2.68,"PHY107,AFE103",71A,,,,72A,50C,87A,65B,63B,61B,60B,36F,0F,64B,3.42,3.02,"PHY102,PHY108,PHY107,AFE103",,,,80A,,,,45D,60B,45D,45D,51C,,,,,,51C,51C,,,,,19F,2.46,3.02,"STA211,CSC211,PHY102,PHY108,PHY107,AFE103",,,,,,,,,,,,,,,,,,,0.00,2.84,"CSC208,CSC206,CSC202,CSC204,AFE202,MAT204,PHY202,GST212,STA211,CSC211,PHY102,PHY108,PHY107,AFE103",,,,,,,,,,,,,,,,,,,,,,,,,,,,,0.00,2.84,"CSC301,CSC305,CSC311,CSC303,CSC309,CSC307,GST301,CSC299,CSC315,CSC208,CSC206,CSC202,CSC204,AFE202,MAT204,PHY202,GST212,STA211,CSC211,PHY102,PHY108,PHY107,AFE103",,,,,,,,,,,,,,,,,,,,,0.00,2.84,"CSC302,CSC304,CSC306,CSC308,CSC310,CSC312,CSC314,CSC301,CSC305,CSC311,CSC303,CSC309,CSC307,GST301,CSC299,CSC315,CSC208,CSC206,CSC202,CSC204,AFE202,MAT204,PHY202,GST212,STA211,CSC211,PHY102,PHY108,PHY107,AFE103"
75,52C,48D,45D,51C,63B,45D,48D,60B,67B,48D,70A,76A,53C,3.14,3.14,PASS,56C,,,76A,,51C,60B,76A,60B,50C,45D,45D,68B,45D,3.17,3.15,PASS,,,,70A,,,,45D,60B,45D,45D,50C,73A,,,,,61B,52C,,,,,46D,2.92,3.15,PASS,,,76A,,,74A,72A,61B,52C,,76A,,,71A,,,68B,,4.43,3.37,PASS,,,,,,,,,,,60B,72A,46D,60B,51C,45D,50C,70A,,,56C,,,,,,,,3.46,3.37,PASS,,,,,,,,,68B,52C,64B,64B,63B,45D,53C,,,,,,3.45,3.39,PASS
76,46D,50C,45D,50C,60B,60B,46D,50C,62B,50C,64B,83A,61B,3.32,3.32,PASS,,66B,,71A,,65B,74A,56C,60B,60B,50C,50C,67B,70A,3.92,3.60,PASS,,,,,,,,,,,,,,,,,,,,,,,,,0.00,3.60,"CSC211,CSC207,STA211,CSC2093,CSC201,CSC205,MAT201,CSC203,MAT205,AFE203,AFE2051",,,,,,,,,,,,,,,,,,,0.00,3.60,"CSC208,CSC206,CSC202,CSC204,AFE202,MAT204,PHY202,GST212,CSC211,CSC207,STA211,CSC2093,CSC201,CSC205,MAT201,CSC203,MAT205,AFE203,AFE2051",,,,,,,,,,,,,,,,,,,,,,,,,,,,,0.00,3.60,"CSC301,CSC305,CSC311,CSC303,CSC309,CSC307,GST301,CSC299,CSC315,CSC208,CSC206,CSC202,CSC204,AFE202,MAT204,PHY202,GST212,CSC211,CSC207,STA211,CSC2093,CSC201,CSC205,MAT201,CSC203,MAT205,AFE203,AFE2051",,,,,,,,,,,,,,,,,,,,,0.00,3.60,"CSC302,CSC304,CSC306,CSC308,CSC310,CSC312,CSC314,CSC301,CSC305,CSC311,CSC303,CSC309,CSC307,GST301,CSC299,CSC315,CSC208,CSC206,CSC202,CSC204,AFE202,MAT204,PHY202,GST212,CSC211,CSC207,STA211,CSC2093,CSC201,CSC205,MAT201,CCSC302,CSC304,CSC306,CSC308"
77,51C,62B,22F,61B,45D,45D,45D,45D,61B,47D,57C,63B,50C,2.57,2.57,BIO101,,0F,,,,9F,0F,0F,61B,0F,0F,35F,45D,,0.48,1.67,"AFE126,CSC102,MAT102,MAT104,PHY102,GST114,CSC104,STA132,AFE128,AFE130,AFE132,BIO101",,,52C,,,,,11F,45D,45D,46D,17F,,,,,,45D,21F,,,,,45D,1.38,1.67,"CSC2093,CSC201,MAT205,CSC211,AFE126,CSC102,MAT102,MAT104,PHY102,GST114,CSC104,STA132,AFE128,AFE130,AFE132,BIO101",,,,,,,,,,,,,,,,,,,0.00,1.58,"CSC208,CSC206,CSC202,CSC204,AFE202,MAT204,PHY202,GST212,CSC2093,CSC201,MAT205,CSC211,AFE126,CSC102,MAT102,MAT104,PHY102,GST114,CSC104,STA132,AFE128,AFE130,AFE132,BIO101",,,,,72A,,,,,,,,6F,36F,38F,,,18F,,,,,,82A,,,,,1.67,1.58,"CSC315,CSC307,CSC305,CSC303,CSC301,CSC311,CSC309,GST301,CSC299,CSC208,CSC206,CSC202,CSC204,AFE202,MAT204,PHY202,GST212,CSC2093,CSC211,AFE126,CSC102,MAT102,MAT104,PHY102,GST114,CSC104,STA132,AFE128,AFE130,AFE132,BIO101",,,,,,,,,,,,,,,,,,,,,0.00,1.59,"CSC302,CSC304,CSC306,CSC308,CSC310,CSC312,CSC314,CSC315,CSC307,CSC305,CSC303,CSC301,CSC311,CSC309,GST301,CSC299,CSC208,CSC206,CSC202,CSC204,AFE202,MAT204,PHY202,GST212,CSC2093,CSC211,AFE126,CSC102,MAT102,MAT104,PHY102,GCSC302,CSC304,CSC306,CSC308,CSC310,CSC312"
78,62B,53C,54C,50C,72A,50C,48D,64B,67B,68B,75A,60B,46D,3.50,3.50,PASS,77A,,,,77A,88A,78A,55C,60B,70A,60B,54C,66B,50C,4.17,3.81,PASS,,,,85A,,,,70A,71A,60B,50C,45D,65B,,,,,72A,85A,,,,,60B,4.24,3.81,PASS,,,,,,,,,,,,,,,,,,,0.00,3.95,"CSC208,CSC206,CSC202,CSC204,AFE202,MAT204,PHY202,GST212",,,,,,,,,,,,,,,,,,,,,,,,,,,,,0.00,3.95,"CSC301,CSC305,CSC311,CSC303,CSC309,CSC307,GST301,CSC299,CSC315,CSC208,CSC206,CSC202,CSC204,AFE202,MAT204,PHY202,GST212",,,,,,,,,,,,,,,,,,,,,0.00,3.95,"CSC302,CSC304,CSC306,CSC308,CSC310,CSC312,CSC314,CSC301,CSC305,CSC311,CSC303,CSC309,CSC307,GST301,CSC299,CSC315,CSC208,CSC206,CSC202,CSC204,AFE202,MAT204,PHY202,GST212"
79,52C,50C,45D,55C,64B,50C,60B,50C,48D,60B,64B,48D,45D,2.96,2.96,PASS,,60B,,,88A,33F,66B,60B,47D,50C,45D,51C,63B,46D,2.71,2.85,CSC102,,,55C,,,,,56C,70A,65B,45D,54C,64B,,,,,50C,51C,,,,,45D,3.16,2.85,PASS,,,60B,53C,,46D,63B,45D,48D,,62B,,,56C,,,58C,,2.88,2.93,PASS,,,,,,,,,,,60B,75A,64B,70A,70A,60B,63B,60B,,,65B,,,,,,,,4.35,2.93,PASS,,,,,,,,,79A,45D,70A,72A,70A,50C,53C,,,,,,4.05,3.22,PASS
80,62B,50C,50C,52C,71A,50C,71A,70A,74A,54C,71A,57C,53C,3.89,3.89,PASS,73A,,,,90A,72A,79A,65B,60B,73A,60B,50C,64B,46D,4.17,4.02,PASS,,,,81A,,,,50C,73A,45D,50C,50C,65B,,,,,45D,45D,,,,,60B,3.12,4.02,PASS,,,76A,,,71A,71A,73A,62B,,70A,,,70A,,,68B,,4.71,3.94,PASS,,,,,,,,,,,70A,60B,57C,68B,60B,45D,51C,60B,,,62B,,,,,,,,3.65,3.94,PASS,,,,,,,,,66B,46D,70A,71A,63B,45D,60B,,,,,,3.73,3.88,PASS
81,,,,,,,,,,,,,,0.00,0.00,"CSC101,STA111,CHM101,BIO101,AFE101,AFE103,GST111,GST113,GST115,PHY101,PHY103,PHY107,MAT101",,,,,,5F,0F,0F,0F,0F,0F,31F,0F,,0.00,0.00,"GST122,GST114,CSC104,PHY108,PHY102,MAT104,MAT102,CSC102,STA132,AFE124,AFE126,AFE128,AFE130,AFE132,CSC101,STA111,CHM101,BIO101,AFE101,AFE103,GST111,GST113,GST115,PHY101,PHY103,PHY107,MAT101",,,,,,,,,,,,,,,,,,,,,,,,,0.00,0.00,"CSC211,CSC207,STA211,CSC2093,CSC201,CSC205,MAT201,CSC203,MAT205,AFE203,AFE2051,GST122,GST114,CSC104,PHY108,PHY102,MAT104,MAT102,CSC102,STA132,AFE124,AFE126,AFE128,AFE130,AFE132,CSC101,STA111,CHM101,BIO101,AFE101,AFE103,CSC211,CSC207,STA211,CSC2093,CSC201,CSC205",,,,,,,,,,,,,,,,,,,0.00,0.00,"CSC208,CSC206,CSC202,CSC204,AFE202,MAT204,PHY202,GST212,CSC211,CSC207,STA211,CSC2093,CSC201,CSC205,MAT201,CSC203,MAT205,AFE203,AFE2051,GST122,GST114,CSC104,PHY108,PHY102,MAT104,MAT102,CSC102,STA132,AFE124,AFE126,AFE128,CSC208,CSC206,CSC202,CSC204,AFE202,MAT204,PHY202,GST212,CSC211,CSC207,STA211,CSC2093,CSC201,CSC205",,,,,,,,,,,,,,,,,,,,,,,,,,,,,0.00,0.00,"CSC301,CSC305,CSC311,CSC303,CSC309,CSC307,GST301,CSC299,CSC315,CSC208,CSC206,CSC202,CSC204,AFE202,MAT204,PHY202,GST212,CSC211,CSC207,STA211,CSC2093,CSC201,CSC205,MAT201,CSC203,MAT205,AFE203,AFE2051,GST122,GST114,CSC104,CSC301,CSC305,CSC311,CSC303,CSC309,CSC307,GST301,CSC299,CSC315,CSC208,CSC206,CSC202,CSC204,AFE202,MAT204,PHY202,GST212,CSC211,CSC207,STA211,CSC2093,CSC201,CSC205",,,,,,,,,,,,,,,,,,,,,0.00,0.00,"CSC302,CSC304,CSC306,CSC308,CSC310,CSC312,CSC314,CSC301,CSC305,CSC311,CSC303,CSC309,CSC307,GST301,CSC299,CSC315,CSC208,CSC206,CSC202,CSC204,AFE202,MAT204,PHY202,GST212,CSC211,CSC207,STA211,CSC2093,CSC201,CSC205,MAT201,CCSC302,CSC304,CSC306,CSC308,CSC310,CSC312,CSC314,CSC301,CSC305,CSC311,CSC303,CSC309,CSC307,GST301,CSC299,CSC315,CSC208,CSC206,CSC202,CSC204,AFE202,MAT204,PHY202,GST212,CSC211,CSC207,STA211,CSC2093,CSC201,CSC205"
82,57C,53C,45D,52C,45D,60B,62B,22F,77A,32F,76A,0F,45D,2.64,2.64,"PHY107,GST115,PHY101",71A,,62B,,,60B,70A,61B,70A,45D,52C,54C,73A,46D,3.63,3.10,"PHY107,GST115,PHY101",,,,,,,,45D,66B,60B,,48D,55C,,,59C,,50C,45D,45D,,,,45D,2.72,3.10,"CSC207,AFE203,AFE2051,PHY107",,,,,,66B,62B,60B,58C,,,,,71A,,,50C,,3.83,3.14,"AFE202,GST212,CSC207,AFE203,AFE2051,PHY107",,56C,,,,,,,,,50C,79A,62B,60B,60B,45D,52C,62B,,,64B,,,,,,,,3.63,3.14,"CSC207,PHY107",,,71A,,,,,,67B,46D,64B,70A,60B,45D,60B,52C,,,,,3.60,3.25,"CSC207,PHY107"
83,46D,46D,45D,50C,46D,45D,45D,54C,61B,50C,50C,62B,45D,2.61,2.61,PASS,65B,,,,75A,45D,60B,57C,52C,50C,50C,50C,67B,50C,3.17,2.87,PASS,,,,77A,,,,45D,62B,46D,46D,45D,66B,,,,,60B,56C,,,,,45D,2.80,2.87,PASS,,,83A,,,67B,71A,70A,51C,,57C,,,71A,,,61B,,4.24,3.14,PASS,,,,,,,,,,,70A,59C,45D,66B,60B,45D,55C,71A,,,55C,,,,,,,,3.46,3.14,PASS,,,,,,,,,66B,25F,63B,65B,56C,45D,53C,,,,,,2.91,3.21,CSC304
84,45D,45D,24F,65B,52C,46D,50C,45D,50C,63B,56C,0F,51C,2.54,2.54,"PHY107,BIO101",,47D,,51C,,45D,70A,54C,53C,71A,60B,55C,45D,66B,3.50,2.98,"PHY107,BIO101",,,64B,,54C,,,53C,63B,53C,51C,53C,54C,,,,,61B,52C,,,,,50C,3.25,2.98,PHY107,,,90A,,,67B,57C,70A,54C,,78A,,,67B,,,76A,,4.14,3.30,PHY107,,,,,,,,,,,70A,60B,50C,60B,51C,51C,65B,56C,,,54C,,,,,,,,3.58,3.30,PHY107,,,,,,,,,77A,45D,62B,61B,70A,60B,45D,,,,,,3.77,3.35,PHY107
85,46D,45D,45D,45D,60B,45D,46D,45D,51C,54C,65B,46D,45D,2.54,2.54,PASS,,52C,,61B,,50C,52C,46D,56C,50C,45D,50C,66B,45D,2.79,2.65,PASS,,,52C,,,,,50C,50C,60B,45D,45D,62B,,,,,46D,45D,,,,,45D,2.60,2.65,PASS,,,70A,,,66B,80A,66B,54C,,65B,,,66B,,,70A,,4.19,2.97,PASS,,,,,,,,,,,70A,61B,58C,71A,60B,50C,53C,62B,,,63B,,,,,,,,3.88,2.97,PASS,,,,,,,,,62B,50C,53C,64B,60B,50C,60B,,,,,,3.59,3.16,PASS
86,57C,46D,45D,45D,50C,45D,35F,48D,77A,23F,60B,74A,45D,2.43,2.43,"GST113,PHY101",,50C,,,82A,45D,54C,50C,54C,60B,45D,55C,66B,45D,2.92,2.65,"GST113,PHY101",,,,,,,,45D,60B,32F,61B,18F,73A,,60B,,,52C,54C,64B,,,,45D,2.68,2.65,"CSC205,CSC2093,AFE203,AFE2051",,,75A,,,72A,79A,73A,52C,,83A,,,62B,,,74A,,4.57,3.06,"CSC205,CSC2093,AFE203,AFE2051",,,,,,,45D,,38F,,71A,70A,50C,68B,60B,45D,52C,55C,,,,,,,,,,,3.21,3.06,"GST301,CSC2093,AFE203,AFE2051",,,,,,,,,73A,45D,60B,61B,62B,62B,50C,,,,,,3.77,3.09,"GST301,CSC2093,AFE203,AFE2051"
87,52C,51C,45D,60B,64B,60B,58C,70A,72A,54C,60B,68B,56C,3.64,3.64,PASS,,46D,,80A,,70A,60B,54C,55C,50C,45D,51C,64B,45D,3.25,3.46,PASS,,,67B,,,,,53C,61B,63B,45D,64B,72A,,,,,67B,54C,,,,,60B,3.56,3.46,PASS,,,82A,,,66B,70A,56C,60B,,61B,,,71A,,,69B,,4.19,3.64,PASS,,,,,,,,,,,70A,64B,50C,67B,64B,60B,60B,72A,,,60B,,,,,,,,4.12,3.64,PASS,,,,,,,,,67B,45D,62B,51C,50C,50C,50C,,,,,,3.18,3.74,PASS
88,52C,48D,45D,55C,46D,45D,48D,56C,47D,31F,54C,78A,60B,2.46,2.46,PHY101,77A,,,39F,,50C,50C,53C,51C,15F,45D,29F,30F,45D,1.88,2.19,"PHY108,PHY102,MAT102,AFE130,PHY101",,,,63B,,,,27F,55C,60B,45D,60B,50C,,,,,60B,50C,55C,,,,60B,3.00,2.19,"CSC201,PHY102",,63B,,,,45D,50C,45D,60B,,45D,46D,,60B,26F,57C,55C,,2.54,2.49,"AFE202,CSC201,PHY102",,,,,50C,,,,,,70A,60B,50C,60B,54C,45D,61B,45D,,,51C,,,,,,,,3.31,2.49,AFE202,,,,,,,,,70A,50C,60B,50C,60B,50C,60B,,,72A,,,3.92,2.66,AFE202
89,54C,47D,46D,55C,45D,45D,60B,45D,45D,20F,70A,0F,53C,2.39,2.39,"PHY107,PHY101",50C,,,51C,,45D,45D,45D,45D,45D,50C,50C,45D,27F,2.17,2.29,"STA132,PHY107,PHY101",,,,81A,,,,45D,61B,33F,24F,45D,50C,,,,,30F,45D,70A,,,,45D,1.93,2.29,"CSC205,CSC207,MAT201,PHY107",,,79A,,,71A,54C,52C,61B,,67B,,,61B,,,46D,82A,3.74,2.52,"CSC205,CSC207,MAT201,PHY107",,,,,,,,4F,,,70A,61B,,,,45D,50C,25F,,,57C,,10F,,,60B,,,2.17,2.52,"CSC315,CSC305,CSC303,CSC307,CSC205,CSC207,MAT201",,,,,,,,,50C,23F,54C,61B,50C,45D,45D,,,,,,2.45,2.45,"CSC304,CSC315,CSC305,CSC303,CSC307,CSC205,CSC207,MAT201"
90,46D,46D,46D,52C,45D,53C,46D,50C,45D,45D,58C,24F,45D,2.25,2.25,PHY107,,46D,54C,,,50C,56C,63B,50C,17F,50C,54C,64B,50C,2.71,2.46,"MAT102,PHY107",,,46D,,,,,45D,60B,45D,27F,45D,,,,,,51C,50C,,,,,45D,2.25,2.46,"CSC207,CSC211,PHY107",,,56C,,,45D,55C,47D,47D,,61B,46D,,61B,,,61B,,2.83,2.50,"CSC207,CSC211,PHY107",,,,,,,,,,,70A,68B,50C,70A,56C,45D,50C,50C,,,63B,,,,,,,,3.54,2.50,"CSC207,CSC211,PHY107",,,,,,,,,70A,45D,50C,70A,53C,16F,50C,,,,,,3.09,2.71,"CSC312,CSC207,CSC211,PHY107"
91,52C,46D,19F,50C,45D,45D,28F,31F,50C,20F,55C,0F,18F,1.39,1.39,"PHY107,BIO101,GST115,GST113,PHY101,STA111",,46D,,53C,,19F,50C,46D,45D,45D,45D,52C,56C,18F,1.92,1.63,"STA132,CSC102,PHY107,BIO101,GST115,GST113,PHY101,STA111",,,,,45D,,,,,23F,,11F,,,45D,11F,,,19F,45D,,,30F,,0.70,1.63,"CSC205,MAT205,CSC2093,CSC211,CSC207,STA211,CSC201,MAT201,CSC203,AFE203,AFE2051,STA132,PHY107,GST115,STA111",,,,55C,,53C,80A,60B,48D,,79A,,,66B,,,61B,,3.70,1.94,"AFE202,CSC205,MAT205,CSC2093,CSC211,CSC207,STA211,CSC201,MAT201,CSC203,AFE203,AFE2051,STA132,PHY107,GST115,STA111",,,,,12F,25F,16F,14F,,,70A,,,,,,,,,30F,,,45D,13F,,,45D,10F,0.93,1.94,"STA211,CSC201,CSC203,CSC207,CSC301,CSC305,CSC311,CSC303,CSC309,CSC307,GST301,CSC315,AFE202,CSC205,MAT205,CSC2093,CSC211,CSC207,STA211,CSC201,CSC203,AFE203,AFE2051,STA132,PHY107,GST115",,,,,,,,,45D,18F,46D,45D,,45D,45D,,,,,,1.68,1.70,"CSC304,CSC310,STA211,CSC201,CSC203,CSC207,CSC301,CSC305,CSC311,CSC303,CSC309,CSC307,GST301,CSC315,AFE202,CSC205,MAT205,CSC2093,CSC211,CSC207,STA211,CSC201,CSC203,AFE203,AFE2051,STA132,PHY107,GST115"
92,60B,45D,46D,70A,76A,45D,45D,81A,70A,70A,73A,73A,62B,4.00,4.00,PASS,,51C,,,87A,50C,64B,63B,66B,50C,60B,56C,53C,70A,3.67,3.85,PASS,,,60B,,,,,50C,72A,77A,71A,51C,57C,,,,,73A,70A,,,,,52C,4.24,3.85,PASS,,,87A,,,71A,73A,76A,48D,,79A,,,71A,,,67B,,4.43,4.07,PASS,,,,,,,,,,,78A,80A,70A,71A,70A,50C,67B,66B,,,66B,,,,,,,,4.46,4.07,PASS,,,,,,,,,82A,45D,62B,64B,50C,60B,70A,,,,,,3.91,4.15,PASS
93,65B,58C,50C,70A,74A,64B,76A,72A,74A,56C,78A,75A,60B,4.36,4.36,PASS,,70A,,70A,,75A,93A,61B,63B,72A,53C,60B,68B,63B,4.33,4.35,PASS,,,76A,,,,,78A,79A,70A,75A,70A,75A,,,,,72A,71A,,,,,60B,4.88,4.35,PASS,,,84A,,,82A,73A,70A,45D,,70A,,,65B,,,68B,,4.29,4.47,PASS,,,,,,,,,,,78A,77A,85A,83A,70A,85A,75A,74A,,,56C,,,,,,,,4.85,4.47,PASS,,,,,,,,,81A,76A,70A,85A,72A,85A,70A,,,,,,5.00,4.55,PASS
94,67B,56C,70A,70A,81A,60B,84A,81A,61B,57C,81A,51C,70A,4.50,4.50,PASS,81A,,71A,,,73A,82A,67B,67B,71A,60B,52C,70A,70A,4.46,4.48,PASS,,,,88A,,,,82A,93A,81A,81A,52C,72A,,,,,74A,83A,,,,,70A,4.84,4.48,PASS,,,74A,,,84A,71A,68B,60B,,80A,,,67B,,,72A,,4.57,4.59,PASS,,,,,,,,,,,70A,83A,89A,83A,77A,64B,82A,60B,,,61B,,,,,,,,4.69,4.59,PASS,,,,,,,,,81A,87A,73A,83A,72A,76A,63B,,,,,,4.86,4.61,PASS
95,50C,48D,45D,55C,63B,50C,64B,60B,45D,60B,68B,52C,45D,3.04,3.04,PASS,81A,,61B,,,71A,70A,61B,63B,60B,50C,55C,51C,45D,3.83,3.40,PASS,,,,74A,,,,50C,65B,64B,52C,45D,54C,,,,,50C,50C,,,,,45D,3.12,3.40,PASS,,,86A,,,72A,82A,63B,70A,,70A,,,71A,,,61B,,4.71,3.61,PASS,,,,,,,,,,,70A,70A,52C,65B,60B,50C,45D,45D,,,65B,,,,,,,,3.54,3.61,PASS,,,,,,,,,62B,50C,60B,60B,61B,45D,45D,,,,,,3.32,3.60,PASS
96,65B,56C,45D,51C,50C,50C,33F,45D,64B,46D,60B,45D,24F,2.39,2.39,"GST113,STA111",,62B,,,86A,50C,51C,54C,50C,60B,50C,46D,63B,60B,3.25,2.79,"GST113,STA111",,,71A,,,,,50C,45D,,30F,45D,66B,,45D,,,34F,61B,,,,51C,50C,2.30,2.79,"MAT201,CSC207,CSC205",,,69B,,,66B,64B,71A,61B,,73A,,,75A,,,58C,,4.24,2.96,"MAT201,CSC207,CSC205",,,,,,,45D,45D,,,72A,67B,50C,68B,60B,50C,,62B,,,,,52C,,,,,,3.40,2.96,"CSC311,GST301",,,,,,,,,71A,50C,61B,55C,56C,50C,51C,,,,,,3.50,3.06,"CSC311,GST301"
97,50C,47D,33F,60B,64B,48D,34F,46D,51C,67B,65B,68B,45D,2.57,2.57,"GST113,BIO101",,54C,,74A,,50C,70A,64B,62B,71A,50C,45D,70A,50C,3.71,3.10,"GST113,BIO101",,,52C,,81A,,,60B,75A,60B,54C,47D,54C,,,,,60B,73A,,,,,45D,3.79,3.10,GST113,,,75A,,,73A,65B,74A,71A,,84A,,,63B,,,68B,,4.57,3.59,GST113,,,,,,,,,,,70A,66B,51C,67B,54C,50C,73A,60B,45D,,58C,,,,,,,,3.68,3.59,PASS,,,,,,,,,66B,50C,70A,63B,51C,45D,65B,,,,,,3.59,3.61,PASS
98,46D,51C,50C,80A,85A,63B,58C,66B,70A,70A,76A,89A,76A,4.32,4.32,PASS,84A,,,78A,,64B,92A,61B,66B,81A,61B,51C,68B,70A,4.29,4.31,PASS,,,,90A,,,,84A,85A,73A,65B,56C,73A,,,,,82A,87A,,,,,86A,4.72,4.31,PASS,,,65B,,,81A,76A,74A,48D,,77A,,,66B,,,72A,,4.38,4.43,PASS,,,,,,,,,,,75A,77A,66B,73A,60B,71A,85A,77A,,,63B,,,,,,,,4.69,4.43,PASS,,,,,,,,,67B,65B,61B,78A,71A,60B,75A,,,,,,4.41,4.48,PASS
99,,,,,,,,,,,,,,0.00,0.00,"CSC101,STA111,CHM101,BIO101,AFE101,AFE103,GST111,GST113,GST115,PHY101,PHY103,PHY107,MAT101",,,,,,5F,0F,0F,0F,0F,0F,0F,0F,,0.00,0.00,"GST122,GST114,CSC104,PHY108,PHY102,MAT104,MAT102,CSC102,STA132,AFE124,AFE126,AFE128,AFE130,AFE132,CSC101,STA111,CHM101,BIO101,AFE101,AFE103,GST111,GST113,GST115,PHY101,PHY103,PHY107,MAT101",,,,,,,,,,,,,,,,,,,,,,,,,0.00,0.00,"CSC211,CSC207,STA211,CSC2093,CSC201,CSC205,MAT201,CSC203,MAT205,AFE203,AFE2051,GST122,GST114,CSC104,PHY108,PHY102,MAT104,MAT102,CSC102,STA132,AFE124,AFE126,AFE128,AFE130,AFE132,CSC101,STA111,CHM101,BIO101,AFE101,AFE103,CSC211,CSC207,STA211,CSC2093,CSC201,CSC205",,,,,,,,,,,,,,,,,,,0.00,0.00,"CSC208,CSC206,CSC202,CSC204,AFE202,MAT204,PHY202,GST212,CSC211,CSC207,STA211,CSC2093,CSC201,CSC205,MAT201,CSC203,MAT205,AFE203,AFE2051,GST122,GST114,CSC104,PHY108,PHY102,MAT104,MAT102,CSC102,STA132,AFE124,AFE126,AFE128,CSC208,CSC206,CSC202,CSC204,AFE202,MAT204,PHY202,GST212,CSC211,CSC207,STA211,CSC2093,CSC201,CSC205",,,,,,,,,,,,,,,,,,,,,,,,,,,,,0.00,0.00,"CSC301,CSC305,CSC311,CSC303,CSC309,CSC307,GST301,CSC299,CSC315,CSC208,CSC206,CSC202,CSC204,AFE202,MAT204,PHY202,GST212,CSC211,CSC207,STA211,CSC2093,CSC201,CSC205,MAT201,CSC203,MAT205,AFE203,AFE2051,GST122,GST114,CSC104,CSC301,CSC305,CSC311,CSC303,CSC309,CSC307,GST301,CSC299,CSC315,CSC208,CSC206,CSC202,CSC204,AFE202,MAT204,PHY202,GST212,CSC211,CSC207,STA211,CSC2093,CSC201,CSC205",,,,,,,,,,,,,,,,,,,,,0.00,0.00,"CSC302,CSC304,CSC306,CSC308,CSC310,CSC312,CSC314,CSC301,CSC305,CSC311,CSC303,CSC309,CSC307,GST301,CSC299,CSC315,CSC208,CSC206,CSC202,CSC204,AFE202,MAT204,PHY202,GST212,CSC211,CSC207,STA211,CSC2093,CSC201,CSC205,MAT201,CCSC302,CSC304,CSC306,CSC308,CSC310,CSC312,CSC314,CSC301,CSC305,CSC311,CSC303,CSC309,CSC307,GST301,CSC299,CSC315,CSC208,CSC206,CSC202,CSC204,AFE202,MAT204,PHY202,GST212,CSC211,CSC207,STA211,CSC2093,CSC201,CSC205"
100,45D,52C,45D,51C,50C,56C,45D,57C,63B,47D,64B,75A,54C,2.96,2.96,PASS,,66B,,,91A,50C,53C,61B,57C,70A,54C,52C,51C,55C,3.46,3.19,PASS,,,70A,,,,,55C,50C,53C,61B,50C,61B,,,,,65B,60B,,,,,60B,3.60,3.19,PASS,,,78A,,,77A,77A,70A,48D,,70A,,,71A,,,71A,,4.57,3.59,PASS,,,,,,,,,,,70A,63B,53C,68B,55C,50C,81A,77A,,,63B,,,,,,,,4.00,3.59,PASS,,,,,,,,,70A,46D,62B,72A,54C,60B,74A,,,,,,4.05,3.68,PASS
101,62B,54C,45D,60B,73A,51C,52C,51C,70A,72A,72A,63B,55C,3.79,3.79,PASS,,73A,,76A,,60B,73A,61B,65B,71A,50C,62B,66B,71A,4.29,4.02,PASS,,,76A,,,,,65B,79A,73A,77A,56C,73A,,,,,72A,65B,,,,,70A,4.60,4.02,PASS,,,78A,,,83A,71A,70A,50C,,71A,,,73A,,,74A,,4.71,4.32,PASS,,,,,,,,,,,75A,78A,82A,80A,72A,65B,83A,77A,,,68B,,,,,,,,4.81,4.32,PASS,,,,,,,,,83A,72A,70A,77A,84A,81A,62B,,,,,,4.86,4.42,PASS
102,45D,53C,24F,56C,45D,35F,26F,31F,67B,39F,61B,73A,50C,1.93,1.93,"PHY101,GST113,GST115,BIO101,GST111",,36F,,,90A,45D,45D,46D,45D,16F,17F,45D,45D,45D,1.54,1.75,"MAT102,MAT104,AFE126,PHY101,GST113,GST115,BIO101,GST111",,,,,,,,,,,,,,,,,,,,,,,,,0.00,1.75,"CSC211,CSC207,STA211,CSC2093,CSC201,CSC205,MAT201,CSC203,MAT205,AFE203,AFE2051,MAT102,MAT104,AFE126,PHY101,GST113,GST115,BIO101,GST111",,,,,,,,,,,,,,,,,,,0.00,1.75,"CSC208,CSC206,CSC202,CSC204,AFE202,MAT204,PHY202,GST212,CSC211,CSC207,STA211,CSC2093,CSC201,CSC205,MAT201,CSC203,MAT205,AFE203,AFE2051,MAT102,MAT104,AFE126,PHY101,GST113,GST115,BIO101,GST111",,,,,,,,,,,,,,,,,,,,,,,,,,,,,0.00,1.75,"CSC301,CSC305,CSC311,CSC303,CSC309,CSC307,GST301,CSC299,CSC315,CSC208,CSC206,CSC202,CSC204,AFE202,MAT204,PHY202,GST212,CSC211,CSC207,STA211,CSC2093,CSC201,CSC205,MAT201,CSC203,MAT205,AFE203,AFE2051,MAT102,MAT104,AFE126,CSC301,CSC305,CSC311,CSC303,CSC309",,,,,,,,,,,,,,,,,,,,,0.00,1.75,"CSC302,CSC304,CSC306,CSC308,CSC310,CSC312,CSC314,CSC301,CSC305,CSC311,CSC303,CSC309,CSC307,GST301,CSC299,CSC315,CSC208,CSC206,CSC202,CSC204,AFE202,MAT204,PHY202,GST212,CSC211,CSC207,STA211,CSC2093,CSC201,CSC205,MAT201,CCSC302,CSC304,CSC306,CSC308,CSC310,CSC312,CSC314,CSC301,CSC305,CSC311,CSC303,CSC309"
103,45D,46D,23F,45D,45D,45D,47D,26F,53C,39F,54C,68B,45D,1.75,1.75,"GST115,PHY101,BIO101",,46D,,62B,,31F,45D,47D,50C,45D,19F,46D,46D,45D,1.67,1.71,"MAT104,CSC102,GST115,PHY101,BIO101",,,64B,,52C,,,45D,66B,45D,28F,21F,47D,,,,,61B,45D,,,,,45D,2.25,1.71,"CSC207,CSC2093,GST115,PHY101",,,76A,47D,,72A,,65B,62B,,51C,,54C,67B,,,62B,,3.71,2.32,"CSC204,CSC207,CSC2093,GST115,PHY101",,,,,,,,4F,,,65B,64B,45D,60B,46D,50C,50C,23F,,,58C,,,,,,,,2.48,2.32,"CSC315,CSC204,CSC207,CSC2093,GST115,PHY101",,,,,,,,,62B,45D,50C,81A,50C,45D,56C,,,,,,3.18,2.35,"CSC315,CSC204,CSC207,CSC2093,GST115,PHY101"
104,65B,0F,46D,60B,60B,52C,60B,45D,66B,56C,61B,85A,54C,3.29,3.29,AFE103,,51C,,52C,,61B,76A,51C,60B,60B,61B,60B,66B,46D,3.79,3.52,AFE103,,54C,57C,,,,,50C,71A,61B,54C,48D,64B,,,,,72A,70A,,,,,51C,3.77,3.52,PASS,,,81A,,,74A,67B,66B,55C,,81A,,,70A,,,69B,,4.29,3.75,PASS,,,,,,,,,,,71A,82A,70A,71A,63B,61B,75A,72A,,,62B,,,,,,,,4.69,3.75,PASS,,,,,,,,,79A,53C,63B,70A,80A,63B,61B,,,,,,4.32,3.94,PASS
105,50C,58C,45D,52C,55C,38F,47D,60B,60B,51C,66B,23F,25F,2.43,2.43,"GST111,PHY107,STA111",,45D,,,100A,50C,77A,51C,54C,50C,50C,46D,64B,55C,3.21,2.79,"GST111,PHY107,STA111",,,,,,,,45D,60B,,50C,55C,66B,45D,,,,45D,50C,,,68B,52C,46D,2.78,2.79,"CSC205,AFE203,AFE2051",,,80A,,,64B,63B,71A,54C,,74A,,,60B,,,64B,,4.14,3.07,"CSC205,AFE203,AFE2051",,,,,,,45D,,,,70A,55C,50C,63B,60B,46D,60B,55C,,,60B,,,,,,,,3.38,3.07,"AFE203,AFE2051",,,,,,,,,70A,45D,61B,72A,55C,45D,71A,,,,,,3.77,3.14,"AFE203,AFE2051"
106,53C,46D,46D,51C,56C,46D,47D,47D,45D,0F,58C,80A,45D,2.29,2.29,PHY101,,61B,,,98A,50C,60B,61B,55C,60B,45D,46D,60B,53C,3.25,2.73,PHY101,,,61B,,,,,50C,66B,60B,45D,53C,,,,,,76A,53C,50C,,,,45D,3.27,2.73,CSC211,,,,,,,,,,,,,,,,,,,0.00,2.91,"CSC208,CSC206,CSC202,CSC204,AFE202,MAT204,PHY202,GST212,CSC211",,,,,,,,,,,,,,,,,,,,,,,,,,,,,0.00,2.91,"CSC301,CSC305,CSC311,CSC303,CSC309,CSC307,GST301,CSC299,CSC315,CSC208,CSC206,CSC202,CSC204,AFE202,MAT204,PHY202,GST212,CSC211",,,,,,,,,,,,,,,,,,,,,0.00,2.91,"CSC302,CSC304,CSC306,CSC308,CSC310,CSC312,CSC314,CSC301,CSC305,CSC311,CSC303,CSC309,CSC307,GST301,CSC299,CSC315,CSC208,CSC206,CSC202,CSC204,AFE202,MAT204,PHY202,GST212,CSC211"
107,45D,53C,31F,45D,47D,50C,37F,27F,45D,22F,51C,59C,45D,1.57,1.57,"GST115,GST113,PHY101,BIO101",,46D,,,90A,50C,77A,50C,51C,50C,45D,45D,45D,45D,2.92,2.19,"GST115,GST113,PHY101,BIO101",,,45D,,19F,,,60B,46D,,,45D,46D,,45D,48D,,26F,56C,45D,,,,6F,1.68,2.19,"STA211,MAT201,CSC207,CSC205,BIO101",,,72A,,,61B,66B,66B,48D,,76A,,,71A,,,52C,,3.86,2.40,"STA211,MAT201,CSC207,CSC205,BIO101",,,,,,,45D,45D,,,80A,,63B,67B,60B,,54C,,,,,,56C,,,,,45D,3.22,2.40,"CSC301,CSC309,GST301,CSC315,BIO101",,,,,,,,,70A,70A,60B,60B,60B,45D,16F,,,,,,3.50,2.57,"CSC314,CSC301,CSC309,GST301,CSC315,BIO101"
108,45D,45D,45D,46D,50C,47D,29F,45D,61B,45D,50C,68B,15F,2.11,2.11,"GST113,STA111",,55C,,,71A,45D,45D,45D,45D,45D,45D,60B,63B,45D,2.50,2.29,"GST113,STA111",,,,,,,,60B,50C,50C,46D,52C,,,45D,,,45D,50C,,,,45D,45D,2.61,2.29,"CSC211,AFE203,AFE2051",,,76A,,,71A,70A,66B,54C,,73A,,,64B,,,63B,,4.29,2.79,"CSC211,AFE203,AFE2051",,45D,,,,,,,,72A,76A,70A,58C,70A,76A,71A,70A,60B,,,57C,,,,,,,,4.43,2.79,PASS,,,,,,,,,62B,60B,50C,62B,62B,70A,60B,,,,,,4.00,3.15,PASS
109,57C,52C,45D,51C,53C,50C,45D,45D,67B,56C,61B,53C,50C,2.93,2.93,PASS,,57C,56C,,,45D,70A,62B,70A,60B,50C,46D,68B,46D,3.33,3.12,PASS,,,67B,,,,,62B,63B,50C,52C,52C,63B,,,,,50C,67B,,,,,45D,3.32,3.12,PASS,,,84A,,,54C,71A,64B,51C,,74A,,,71A,,,73A,,4.29,3.42,PASS,,,,,,,,,,,85A,66B,52C,71A,60B,45D,51C,66B,,,60B,,,,,,,,3.77,3.42,PASS,,,,,,,,,78A,56C,61B,76A,62B,72A,71A,,,,,,4.45,3.49,PASS
110,60B,58C,46D,51C,60B,50C,53C,45D,46D,45D,53C,45D,45D,2.64,2.64,PASS,,70A,51C,,,46D,77A,64B,57C,50C,52C,50C,55C,53C,3.29,2.94,PASS,,,60B,,,,,61B,60B,52C,50C,46D,45D,,,,,64B,70A,45D,,,,63B,3.52,2.94,PASS,,,55C,,,67B,56C,65B,31F,,45D,,,64B,,,54C,,2.90,3.09,CSC208,,,,,,,,,,,75A,72A,58C,67B,55C,54C,70A,63B,,,51C,,,,,,,,3.92,3.09,PASS,,,,,,,,63B,76A,50C,54C,60B,60B,50C,61B,,,,,,3.80,3.26,PASS
111,54C,47D,45D,50C,52C,38F,54C,32F,71A,46D,62B,45D,45D,2.50,2.50,"GST111,GST115",,51C,,,93A,46D,60B,45D,51C,50C,61B,52C,56C,18F,2.88,2.67,"STA132,GST111,GST115",,,52C,,,,,45D,45D,45D,46D,11F,50C,,,,,38F,45D,,,,,25F,1.44,2.67,"STA211,CSC2093,MAT201,STA132,GST111,GST115",,,,,,,,,,,,,,,,,,,0.00,2.27,"CSC208,CSC206,CSC202,CSC204,AFE202,MAT204,PHY202,GST212,STA211,CSC2093,MAT201,STA132,GST111,GST115",,,,,,,,,,,,,,,,,,,,,,,,,,,,,0.00,2.27,"CSC301,CSC305,CSC311,CSC303,CSC309,CSC307,GST301,CSC299,CSC315,CSC208,CSC206,CSC202,CSC204,AFE202,MAT204,PHY202,GST212,STA211,CSC2093,MAT201,STA132,GST111,GST115",,,,,,,,,,,,,,,,,,,,,0.00,2.27,"CSC302,CSC304,CSC306,CSC308,CSC310,CSC312,CSC314,CSC301,CSC305,CSC311,CSC303,CSC309,CSC307,GST301,CSC299,CSC315,CSC208,CSC206,CSC202,CSC204,AFE202,MAT204,PHY202,GST212,STA211,CSC2093,MAT201,STA132,GST111,GST115"
112,52C,50C,45D,46D,46D,50C,35F,52C,45D,45D,66B,62B,71A,2.61,2.61,GST113,,55C,,,92A,53C,61B,62B,56C,60B,50C,45D,63B,55C,3.33,2.94,GST113,,,75A,,,,,50C,50C,60B,46D,61B,70A,,51C,,,57C,71A,,,,,50C,3.44,2.94,PASS,,,64B,,,55C,64B,63B,52C,,53C,,,53C,,,65B,,3.48,3.19,PASS,,,,,,,,,,,55C,66B,33F,58C,52C,50C,70A,45D,,,50C,,,,,,,,2.88,3.19,CSC303,,,,,,,,,64B,45D,60B,75A,50C,45D,60B,,,,,,3.45,3.13,CSC303
113,54C,62B,26F,45D,45D,45D,36F,45D,79A,45D,61B,55C,47D,2.25,2.25,"GST113,BIO101",53C,,,,86A,50C,61B,60B,50C,50C,45D,50C,67B,46D,3.13,2.65,"GST113,BIO101",,,,,48D,,,45D,46D,17F,51C,45D,68B,,45D,,,61B,,,,,,46D,2.19,2.65,"CSC205,MAT205,AFE203,AFE2051",,,75A,,,57C,64B,64B,71A,,63B,,,64B,,,64B,,4.05,2.83,"CSC205,MAT205,AFE203,AFE2051",,64B,,,,,45D,,,,70A,74A,33F,57C,50C,50C,,45D,,,42F,,,45D,,,,,2.63,2.83,"GST301,CSC303,CSC311",,,,,,,,,70A,45D,60B,55C,70A,45D,53C,,,,,,3.50,2.78,"GST301,CSC303,CSC311"
114,53C,56C,30F,61B,57C,50C,50C,65B,54C,65B,75A,57C,71A,3.29,3.29,BIO101,72A,,,,93A,72A,70A,66B,70A,63B,50C,53C,70A,74A,4.29,3.75,BIO101,,,,79A,51C,,,70A,72A,78A,61B,54C,65B,,,,,74A,60B,,,,,70A,4.39,3.75,PASS,,,79A,,,75A,70A,66B,62B,,78A,,,73A,,,73A,,4.71,4.13,PASS,,,,,,,,,,,80A,82A,72A,76A,64B,70A,85A,71A,,,61B,,,,,,,,4.81,4.13,PASS,,,,,,,,,68B,60B,70A,72A,66B,70A,62B,,,,,,4.41,4.27,PASS
115,45D,51C,45D,51C,70A,50C,48D,57C,67B,46D,,45D,45D,2.88,2.88,PHY103,,63B,,,84A,,,63B,67B,,,48D,53C,,3.40,3.03,"STA132,CSC102,MAT102,MAT104,CSC104,PHY103",,,65B,,,,,50C,74A,55C,65B,55C,51C,,,,,50C,74A,,,,,45D,3.52,3.03,PHY103,,,,71A,72A,80A,72A,70A,51C,,74A,70A,55C,,,,,77A,4.57,3.65,"AFE202,MAT204,PHY202,PHY103",,,,,,,,,,,85A,83A,72A,74A,75A,50C,81A,78A,,,63B,,,,,,,,4.69,3.65,"AFE202,MAT204,PHY103",,,,,,,,,77A,50C,71A,70A,72A,76A,63B,,64B,,,55C,4.42,3.89,"AFE202,MAT204,PHY103"
116,70A,70A,70A,70A,70A,70A,70A,70A,70A,70A,70A,70A,70A,5,5,PASS,70A,70A,,,70A,70A,70A,70A,70A,70A,70A,70A,70A,70A,5,5,PASS,,,70A,,,,,70A,70A,70A,70A,70A,70A,,70A,,,70A,70A,,,,,70A,5,5,PASS,,,70A,70A,70A,70A,70A,70A,70A,,70A,70A,70A,70A,,,70A,,5,5,PASS,,70A,,,,,70A,,,70A,70A,70A,70A,70A,70A,70A,70A,70A,,,70A,,,,,,,70A,5,5,PASS,,,,,,,,,70A,70A,70A,70A,70A,70A,70A,,70A,,,70A,5,5,PASS
,,,,,,,,,,,,,,,,,,,,,,,,,,,,,,,,,,,,,,,,,,,,,,,,,,,,,,,,,,,,,,,,,,,,,,,,,,,,,,,,,,,,,,,,,,,,,,,,,,,,,,,,,,,,,,,,,,,,,,,,,,,,,,,,,,,,,,,